,type,id,attributes_count,attributes.lineage,attributes.hierarchy.class,attributes.hierarchy.phylum,attributes.hierarchy.kingdom,attributes.hierarchy.order,attributes.domain,attributes.name,attributes.parent,attributes.rank,attributes.pipeline-version,links.self,attributes.hierarchy.family,attributes.hierarchy.genus,attributes.hierarchy.species,Sample_id,attributes.domain_count,attributes.domain_relative_abundance,attributes.hierarchy.phylum_count,attributes.hierarchy.phylum_relative_abundance,attributes.hierarchy.class_count,attributes.hierarchy.class_relative_abundance,attributes.hierarchy.order_count,attributes.hierarchy.order_relative_abundance,attributes.hierarchy.family_count,attributes.hierarchy.family_relative_abundance,attributes.hierarchy.genus_count,attributes.hierarchy.genus_relative_abundance,attributes.hierarchy.species_count,attributes.hierarchy.species_relative_abundance
0,organisms,Bacteria:Proteobacteria:Betaproteobacteria:MND1,3,Bacteria:Proteobacteria:Betaproteobacteria:MND1,Betaproteobacteria,Proteobacteria,Bacteria,MND1,Bacteria,MND1,Betaproteobacteria,order,2.0,https://www.ebi.ac.uk/metagenomics/api/v1/annotations/organisms/Bacteria%253AProteobacteria%253ABetaproteobacteria%253AMND1,,,,MGYA00005318,33202.0,100.0,2384.0,7.180290344,2281.0,6.8700680682,3.0,0.0090369612,,,,,,
1,organisms,Bacteria:Firmicutes:Clostridia:Clostridiales:Tissierellaceae:GW-34,1,Bacteria:Firmicutes:Clostridia:Clostridiales:Tissierellaceae:GW-34,Clostridia,Firmicutes,Bacteria,Clostridiales,Bacteria,GW-34,Tissierellaceae,genus,2.0,https://www.ebi.ac.uk/metagenomics/api/v1/annotations/organisms/Bacteria%253AFirmicutes%253AClostridia%253AClostridiales%253ATissierellaceae%253AGW-34,Tissierellaceae,GW-34,,MGYA00005318,33202.0,100.0,3275.0,9.8638636227,3248.0,9.7825432203,3237.0,9.7508811037,1.0,0.003041455,1.0,0.0032008194,,
2,organisms,Bacteria:Firmicutes:Clostridia:Clostridiales:Lachnospiraceae:Anaerostipes,10,Bacteria:Firmicutes:Clostridia:Clostridiales:Lachnospiraceae:Anaerostipes,Clostridia,Firmicutes,Bacteria,Clostridiales,Bacteria,Anaerostipes,Lachnospiraceae,genus,2.0,https://www.ebi.ac.uk/metagenomics/api/v1/annotations/organisms/Bacteria%253AFirmicutes%253AClostridia%253AClostridiales%253ALachnospiraceae%253AAnaerostipes,Lachnospiraceae,Anaerostipes,,MGYA00005318,33202.0,100.0,3275.0,9.8638636227,3248.0,9.7825432203,3237.0,9.7508811037,1996.0,6.070744244,10.0,0.0320081941,,
3,organisms,Bacteria:Firmicutes:Clostridia:Clostridiales:Acidaminobacteraceae:Fusibacter,8,Bacteria:Firmicutes:Clostridia:Clostridiales:Acidaminobacteraceae:Fusibacter,Clostridia,Firmicutes,Bacteria,Clostridiales,Bacteria,Fusibacter,Acidaminobacteraceae,genus,2.0,https://www.ebi.ac.uk/metagenomics/api/v1/annotations/organisms/Bacteria%253AFirmicutes%253AClostridia%253AClostridiales%253AAcidaminobacteraceae%253AFusibacter,Acidaminobacteraceae,Fusibacter,,MGYA00005318,33202.0,100.0,3275.0,9.8638636227,3248.0,9.7825432203,3237.0,9.7508811037,8.0,0.0243316403,8.0,0.0256065553,,
4,organisms,Bacteria:Bacteroidetes:Bacteroidia:Bacteroidales:Bacteroidaceae,1,Bacteria:Bacteroidetes:Bacteroidia:Bacteroidales:Bacteroidaceae,Bacteroidia,Bacteroidetes,Bacteria,Bacteroidales,Bacteria,Bacteroidaceae,Bacteroidales,family,2.0,https://www.ebi.ac.uk/metagenomics/api/v1/annotations/organisms/Bacteria%253ABacteroidetes%253ABacteroidia%253ABacteroidales%253ABacteroidaceae,Bacteroidaceae,,,MGYA00005318,33202.0,100.0,27517.0,82.8775374977,27516.0,82.874525631,27516.0,82.8870078622,18865.0,57.3770491803,,,,
5,organisms,Bacteria:Bacteroidetes:Bacteroidia:Bacteroidales:Marinilabiaceae,39,Bacteria:Bacteroidetes:Bacteroidia:Bacteroidales:Marinilabiaceae,Bacteroidia,Bacteroidetes,Bacteria,Bacteroidales,Bacteria,Marinilabiaceae,Bacteroidales,family,2.0,https://www.ebi.ac.uk/metagenomics/api/v1/annotations/organisms/Bacteria%253ABacteroidetes%253ABacteroidia%253ABacteroidales%253AMarinilabiaceae,Marinilabiaceae,,,MGYA00005318,33202.0,100.0,27517.0,82.8775374977,27516.0,82.874525631,27516.0,82.8870078622,39.0,0.1186167463,,,,
6,organisms,Bacteria:Firmicutes:Clostridia:Clostridiales:Clostridiaceae:SMB53,90,Bacteria:Firmicutes:Clostridia:Clostridiales:Clostridiaceae:SMB53,Clostridia,Firmicutes,Bacteria,Clostridiales,Bacteria,SMB53,Clostridiaceae,genus,2.0,https://www.ebi.ac.uk/metagenomics/api/v1/annotations/organisms/Bacteria%253AFirmicutes%253AClostridia%253AClostridiales%253AClostridiaceae%253ASMB53,Clostridiaceae,SMB53,,MGYA00005318,33202.0,100.0,3275.0,9.8638636227,3248.0,9.7825432203,3237.0,9.7508811037,157.0,0.47750844,90.0,0.2880737469,,
7,organisms,Bacteria:Firmicutes:Bacilli:Turicibacterales:Turicibacteraceae:Turicibacter,1,Bacteria:Firmicutes:Bacilli:Turicibacterales:Turicibacteraceae:Turicibacter,Bacilli,Firmicutes,Bacteria,Turicibacterales,Bacteria,Turicibacter,Turicibacteraceae,genus,2.0,https://www.ebi.ac.uk/metagenomics/api/v1/annotations/organisms/Bacteria%253AFirmicutes%253ABacilli%253ATuricibacterales%253ATuricibacteraceae%253ATuricibacter,Turicibacteraceae,Turicibacter,,MGYA00005318,33202.0,100.0,3275.0,9.8638636227,16.0,0.0481898681,1.0,0.0030123204,1.0,0.003041455,1.0,0.0032008194,,
8,organisms,Bacteria:Bacteroidetes:Bacteroidia:Bacteroidales:Porphyromonadaceae:Tannerella,19,Bacteria:Bacteroidetes:Bacteroidia:Bacteroidales:Porphyromonadaceae:Tannerella,Bacteroidia,Bacteroidetes,Bacteria,Bacteroidales,Bacteria,Tannerella,Porphyromonadaceae,genus,2.0,https://www.ebi.ac.uk/metagenomics/api/v1/annotations/organisms/Bacteria%253ABacteroidetes%253ABacteroidia%253ABacteroidales%253APorphyromonadaceae%253ATannerella,Porphyromonadaceae,Tannerella,,MGYA00005318,33202.0,100.0,27517.0,82.8775374977,27516.0,82.874525631,27516.0,82.8870078622,3188.0,9.6961586423,19.0,0.0608155688,,
9,organisms,Bacteria:Proteobacteria:Deltaproteobacteria:Desulfovibrionales:Desulfovibrionaceae:Desulfovibrio,3,Bacteria:Proteobacteria:Deltaproteobacteria:Desulfovibrionales:Desulfovibrionaceae:Desulfovibrio,Deltaproteobacteria,Proteobacteria,Bacteria,Desulfovibrionales,Bacteria,Desulfovibrio,Desulfovibrionaceae,genus,2.0,https://www.ebi.ac.uk/metagenomics/api/v1/annotations/organisms/Bacteria%253AProteobacteria%253ADeltaproteobacteria%253ADesulfovibrionales%253ADesulfovibrionaceae%253ADesulfovibrio,Desulfovibrionaceae,Desulfovibrio,,MGYA00005318,33202.0,100.0,2384.0,7.180290344,3.0,0.0090356003,3.0,0.0090369612,3.0,0.0091243651,3.0,0.0096024582,,
10,organisms,Bacteria:Bacteroidetes:Bacteroidia:Bacteroidales:Rikenellaceae:Blvii28,62,Bacteria:Bacteroidetes:Bacteroidia:Bacteroidales:Rikenellaceae:Blvii28,Bacteroidia,Bacteroidetes,Bacteria,Bacteroidales,Bacteria,Blvii28,Rikenellaceae,genus,2.0,https://www.ebi.ac.uk/metagenomics/api/v1/annotations/organisms/Bacteria%253ABacteroidetes%253ABacteroidia%253ABacteroidales%253ARikenellaceae%253ABlvii28,Rikenellaceae,Blvii28,,MGYA00005318,33202.0,100.0,27517.0,82.8775374977,27516.0,82.874525631,27516.0,82.8870078622,68.0,0.2068189422,62.0,0.1984508034,,
11,organisms,Bacteria:Proteobacteria:Gammaproteobacteria:Pasteurellales:Pasteurellaceae:Haemophilus,6,Bacteria:Proteobacteria:Gammaproteobacteria:Pasteurellales:Pasteurellaceae:Haemophilus,Gammaproteobacteria,Proteobacteria,Bacteria,Pasteurellales,Bacteria,Haemophilus,Pasteurellaceae,genus,2.0,https://www.ebi.ac.uk/metagenomics/api/v1/annotations/organisms/Bacteria%253AProteobacteria%253AGammaproteobacteria%253APasteurellales%253APasteurellaceae%253AHaemophilus,Pasteurellaceae,Haemophilus,,MGYA00005318,33202.0,100.0,2384.0,7.180290344,96.0,0.2891392085,47.0,0.1415790583,47.0,0.1429483865,37.0,0.1184303182,,
12,organisms,Bacteria:Firmicutes:Clostridia:Clostridiales:Lachnospiraceae:Ruminococcus:gnavus,55,Bacteria:Firmicutes:Clostridia:Clostridiales:Lachnospiraceae:Ruminococcus:gnavus,Clostridia,Firmicutes,Bacteria,Clostridiales,Bacteria,gnavus,Ruminococcus,species,2.0,https://www.ebi.ac.uk/metagenomics/api/v1/annotations/organisms/Bacteria%253AFirmicutes%253AClostridia%253AClostridiales%253ALachnospiraceae%253ARuminococcus%253Agnavus,Lachnospiraceae,Ruminococcus,gnavus,MGYA00005318,33202.0,100.0,3275.0,9.8638636227,3248.0,9.7825432203,3237.0,9.7508811037,1996.0,6.070744244,115.0,0.3680942321,55.0,0.6614552014
13,organisms,Bacteria:Bacteroidetes:Bacteroidia:Bacteroidales:Bacteroidaceae:Bacteroides:eggerthii,1,Bacteria:Bacteroidetes:Bacteroidia:Bacteroidales:Bacteroidaceae:Bacteroides:eggerthii,Bacteroidia,Bacteroidetes,Bacteria,Bacteroidales,Bacteria,eggerthii,Bacteroides,species,2.0,https://www.ebi.ac.uk/metagenomics/api/v1/annotations/organisms/Bacteria%253ABacteroidetes%253ABacteroidia%253ABacteroidales%253ABacteroidaceae%253ABacteroides%253Aeggerthii,Bacteroidaceae,Bacteroides,eggerthii,MGYA00005318,33202.0,100.0,27517.0,82.8775374977,27516.0,82.874525631,27516.0,82.8870078622,18865.0,57.3770491803,18838.0,60.2970360412,1.0,0.0120264582
14,organisms,Bacteria:Firmicutes:Clostridia:Clostridiales:Clostridiaceae:Clostridium:celatum,1,Bacteria:Firmicutes:Clostridia:Clostridiales:Clostridiaceae:Clostridium:celatum,Clostridia,Firmicutes,Bacteria,Clostridiales,Bacteria,celatum,Clostridium,species,2.0,https://www.ebi.ac.uk/metagenomics/api/v1/annotations/organisms/Bacteria%253AFirmicutes%253AClostridia%253AClostridiales%253AClostridiaceae%253AClostridium%253Acelatum,Clostridiaceae,Clostridium,celatum,MGYA00005318,33202.0,100.0,3275.0,9.8638636227,3248.0,9.7825432203,3237.0,9.7508811037,157.0,0.47750844,15.0,0.0480122911,1.0,0.0120264582
15,organisms,Bacteria:Firmicutes:Bacilli:Bacillales:Bacillaceae,2,Bacteria:Firmicutes:Bacilli:Bacillales:Bacillaceae,Bacilli,Firmicutes,Bacteria,Bacillales,Bacteria,Bacillaceae,Bacillales,family,2.0,https://www.ebi.ac.uk/metagenomics/api/v1/annotations/organisms/Bacteria%253AFirmicutes%253ABacilli%253ABacillales%253ABacillaceae,Bacillaceae,,,MGYA00005318,33202.0,100.0,3275.0,9.8638636227,16.0,0.0481898681,5.0,0.015061602,2.0,0.0060829101,,,,
16,organisms,Bacteria:Firmicutes:Clostridia:Clostridiales:Lachnospiraceae,911,Bacteria:Firmicutes:Clostridia:Clostridiales:Lachnospiraceae,Clostridia,Firmicutes,Bacteria,Clostridiales,Bacteria,Lachnospiraceae,Clostridiales,family,2.0,https://www.ebi.ac.uk/metagenomics/api/v1/annotations/organisms/Bacteria%253AFirmicutes%253AClostridia%253AClostridiales%253ALachnospiraceae,Lachnospiraceae,,,MGYA00005318,33202.0,100.0,3275.0,9.8638636227,3248.0,9.7825432203,3237.0,9.7508811037,1996.0,6.070744244,,,,
17,organisms,Bacteria:Actinobacteria:Actinobacteria:Bifidobacteriales:Bifidobacteriaceae:Bifidobacterium:breve,1,Bacteria:Actinobacteria:Actinobacteria:Bifidobacteriales:Bifidobacteriaceae:Bifidobacterium:breve,Actinobacteria,Actinobacteria,Bacteria,Bifidobacteriales,Bacteria,breve,Bifidobacterium,species,2.0,https://www.ebi.ac.uk/metagenomics/api/v1/annotations/organisms/Bacteria%253AActinobacteria%253AActinobacteria%253ABifidobacteriales%253ABifidobacteriaceae%253ABifidobacterium%253Abreve,Bifidobacteriaceae,Bifidobacterium,breve,MGYA00005318,33202.0,100.0,23.0,0.0692729354,2.0,0.0060237335,2.0,0.0060246408,2.0,0.0060829101,2.0,0.0064016388,1.0,0.0120264582
18,organisms,Bacteria:Firmicutes:Clostridia:Clostridiales:Veillonellaceae:Veillonella:dispar,26,Bacteria:Firmicutes:Clostridia:Clostridiales:Veillonellaceae:Veillonella:dispar,Clostridia,Firmicutes,Bacteria,Clostridiales,Bacteria,dispar,Veillonella,species,2.0,https://www.ebi.ac.uk/metagenomics/api/v1/annotations/organisms/Bacteria%253AFirmicutes%253AClostridia%253AClostridiales%253AVeillonellaceae%253AVeillonella%253Adispar,Veillonellaceae,Veillonella,dispar,MGYA00005318,33202.0,100.0,3275.0,9.8638636227,3248.0,9.7825432203,3237.0,9.7508811037,552.0,1.6788831777,343.0,1.0978810576,26.0,0.3126879134
19,organisms,Bacteria:Firmicutes:Clostridia:Clostridiales:Lachnospiraceae:Shuttleworthia,3,Bacteria:Firmicutes:Clostridia:Clostridiales:Lachnospiraceae:Shuttleworthia,Clostridia,Firmicutes,Bacteria,Clostridiales,Bacteria,Shuttleworthia,Lachnospiraceae,genus,2.0,https://www.ebi.ac.uk/metagenomics/api/v1/annotations/organisms/Bacteria%253AFirmicutes%253AClostridia%253AClostridiales%253ALachnospiraceae%253AShuttleworthia,Lachnospiraceae,Shuttleworthia,,MGYA00005318,33202.0,100.0,3275.0,9.8638636227,3248.0,9.7825432203,3237.0,9.7508811037,1996.0,6.070744244,4.0,0.0128032776,,
20,organisms,Bacteria:Bacteroidetes:Bacteroidia:Bacteroidales:Prevotellaceae:Prevotella:nanceiensis,2,Bacteria:Bacteroidetes:Bacteroidia:Bacteroidales:Prevotellaceae:Prevotella:nanceiensis,Bacteroidia,Bacteroidetes,Bacteria,Bacteroidales,Bacteria,nanceiensis,Prevotella,species,2.0,https://www.ebi.ac.uk/metagenomics/api/v1/annotations/organisms/Bacteria%253ABacteroidetes%253ABacteroidia%253ABacteroidales%253APrevotellaceae%253APrevotella%253Ananceiensis,Prevotellaceae,Prevotella,nanceiensis,MGYA00005318,33202.0,100.0,27517.0,82.8775374977,27516.0,82.874525631,27516.0,82.8870078622,5025.0,15.2833115362,5038.0,16.1257281864,2.0,0.0240529164
21,organisms,Bacteria:Actinobacteria:OPB41,1,Bacteria:Actinobacteria:OPB41,OPB41,Actinobacteria,Bacteria,,Bacteria,OPB41,Actinobacteria,class,2.0,https://www.ebi.ac.uk/metagenomics/api/v1/annotations/organisms/Bacteria%253AActinobacteria%253AOPB41,,,,MGYA00005318,33202.0,100.0,23.0,0.0692729354,1.0,0.0030118668,,,,,,,,
22,organisms,Bacteria:Firmicutes:Bacilli:Bacillales:Paenibacillaceae:Paenibacillus,2,Bacteria:Firmicutes:Bacilli:Bacillales:Paenibacillaceae:Paenibacillus,Bacilli,Firmicutes,Bacteria,Bacillales,Bacteria,Paenibacillus,Paenibacillaceae,genus,2.0,https://www.ebi.ac.uk/metagenomics/api/v1/annotations/organisms/Bacteria%253AFirmicutes%253ABacilli%253ABacillales%253APaenibacillaceae%253APaenibacillus,Paenibacillaceae,Paenibacillus,,MGYA00005318,33202.0,100.0,3275.0,9.8638636227,16.0,0.0481898681,5.0,0.015061602,2.0,0.0060829101,2.0,0.0064016388,,
23,organisms,Bacteria:Bacteroidetes:Bacteroidia:Bacteroidales:Bacteroidaceae:Bacteroides:barnesiae,14,Bacteria:Bacteroidetes:Bacteroidia:Bacteroidales:Bacteroidaceae:Bacteroides:barnesiae,Bacteroidia,Bacteroidetes,Bacteria,Bacteroidales,Bacteria,barnesiae,Bacteroides,species,2.0,https://www.ebi.ac.uk/metagenomics/api/v1/annotations/organisms/Bacteria%253ABacteroidetes%253ABacteroidia%253ABacteroidales%253ABacteroidaceae%253ABacteroides%253Abarnesiae,Bacteroidaceae,Bacteroides,barnesiae,MGYA00005318,33202.0,100.0,27517.0,82.8775374977,27516.0,82.874525631,27516.0,82.8870078622,18865.0,57.3770491803,18838.0,60.2970360412,14.0,0.1683704149
24,organisms,Bacteria:Bacteroidetes:Bacteroidia:Bacteroidales:Prevotellaceae:Prevotella:copri,4872,Bacteria:Bacteroidetes:Bacteroidia:Bacteroidales:Prevotellaceae:Prevotella:copri,Bacteroidia,Bacteroidetes,Bacteria,Bacteroidales,Bacteria,copri,Prevotella,species,2.0,https://www.ebi.ac.uk/metagenomics/api/v1/annotations/organisms/Bacteria%253ABacteroidetes%253ABacteroidia%253ABacteroidales%253APrevotellaceae%253APrevotella%253Acopri,Prevotellaceae,Prevotella,copri,MGYA00005318,33202.0,100.0,27517.0,82.8775374977,27516.0,82.874525631,27516.0,82.8870078622,5025.0,15.2833115362,5038.0,16.1257281864,4872.0,58.5929043897
25,organisms,Bacteria:Firmicutes:Clostridia:Clostridiales:Lachnospiraceae:Blautia,219,Bacteria:Firmicutes:Clostridia:Clostridiales:Lachnospiraceae:Blautia,Clostridia,Firmicutes,Bacteria,Clostridiales,Bacteria,Blautia,Lachnospiraceae,genus,2.0,https://www.ebi.ac.uk/metagenomics/api/v1/annotations/organisms/Bacteria%253AFirmicutes%253AClostridia%253AClostridiales%253ALachnospiraceae%253ABlautia,Lachnospiraceae,Blautia,,MGYA00005318,33202.0,100.0,3275.0,9.8638636227,3248.0,9.7825432203,3237.0,9.7508811037,1996.0,6.070744244,266.0,0.851417963,,
26,organisms,Bacteria:Firmicutes:Bacilli:Bacillales:Staphylococcaceae:Staphylococcus,1,Bacteria:Firmicutes:Bacilli:Bacillales:Staphylococcaceae:Staphylococcus,Bacilli,Firmicutes,Bacteria,Bacillales,Bacteria,Staphylococcus,Staphylococcaceae,genus,2.0,https://www.ebi.ac.uk/metagenomics/api/v1/annotations/organisms/Bacteria%253AFirmicutes%253ABacilli%253ABacillales%253AStaphylococcaceae%253AStaphylococcus,Staphylococcaceae,Staphylococcus,,MGYA00005318,33202.0,100.0,3275.0,9.8638636227,16.0,0.0481898681,5.0,0.015061602,1.0,0.003041455,1.0,0.0032008194,,
27,organisms,Bacteria:Firmicutes:Clostridia:Clostridiales,222,Bacteria:Firmicutes:Clostridia:Clostridiales,Clostridia,Firmicutes,Bacteria,Clostridiales,Bacteria,Clostridiales,Clostridia,order,2.0,https://www.ebi.ac.uk/metagenomics/api/v1/annotations/organisms/Bacteria%253AFirmicutes%253AClostridia%253AClostridiales,,,,MGYA00005318,33202.0,100.0,3275.0,9.8638636227,3248.0,9.7825432203,3237.0,9.7508811037,,,,,,
28,organisms,Bacteria:Firmicutes:Clostridia:Clostridiales:Lachnospiraceae:Blautia:obeum,2,Bacteria:Firmicutes:Clostridia:Clostridiales:Lachnospiraceae:Blautia:obeum,Clostridia,Firmicutes,Bacteria,Clostridiales,Bacteria,obeum,Blautia,species,2.0,https://www.ebi.ac.uk/metagenomics/api/v1/annotations/organisms/Bacteria%253AFirmicutes%253AClostridia%253AClostridiales%253ALachnospiraceae%253ABlautia%253Aobeum,Lachnospiraceae,Blautia,obeum,MGYA00005318,33202.0,100.0,3275.0,9.8638636227,3248.0,9.7825432203,3237.0,9.7508811037,1996.0,6.070744244,266.0,0.851417963,2.0,0.0240529164
29,organisms,Bacteria:Bacteroidetes:Flavobacteriia:Flavobacteriales:Cryomorphaceae,1,Bacteria:Bacteroidetes:Flavobacteriia:Flavobacteriales:Cryomorphaceae,Flavobacteriia,Bacteroidetes,Bacteria,Flavobacteriales,Bacteria,Cryomorphaceae,Flavobacteriales,family,2.0,https://www.ebi.ac.uk/metagenomics/api/v1/annotations/organisms/Bacteria%253ABacteroidetes%253AFlavobacteriia%253AFlavobacteriales%253ACryomorphaceae,Cryomorphaceae,,,MGYA00005318,33202.0,100.0,27517.0,82.8775374977,1.0,0.0030118668,1.0,0.0030123204,1.0,0.003041455,,,,
30,organisms,Bacteria:Firmicutes:Clostridia:Clostridiales:Lachnospiraceae:Moryella,1,Bacteria:Firmicutes:Clostridia:Clostridiales:Lachnospiraceae:Moryella,Clostridia,Firmicutes,Bacteria,Clostridiales,Bacteria,Moryella,Lachnospiraceae,genus,2.0,https://www.ebi.ac.uk/metagenomics/api/v1/annotations/organisms/Bacteria%253AFirmicutes%253AClostridia%253AClostridiales%253ALachnospiraceae%253AMoryella,Lachnospiraceae,Moryella,,MGYA00005318,33202.0,100.0,3275.0,9.8638636227,3248.0,9.7825432203,3237.0,9.7508811037,1996.0,6.070744244,1.0,0.0032008194,,
31,organisms,Bacteria:Firmicutes:Clostridia:Clostridiales:Veillonellaceae:Veillonella:parvula,28,Bacteria:Firmicutes:Clostridia:Clostridiales:Veillonellaceae:Veillonella:parvula,Clostridia,Firmicutes,Bacteria,Clostridiales,Bacteria,parvula,Veillonella,species,2.0,https://www.ebi.ac.uk/metagenomics/api/v1/annotations/organisms/Bacteria%253AFirmicutes%253AClostridia%253AClostridiales%253AVeillonellaceae%253AVeillonella%253Aparvula,Veillonellaceae,Veillonella,parvula,MGYA00005318,33202.0,100.0,3275.0,9.8638636227,3248.0,9.7825432203,3237.0,9.7508811037,552.0,1.6788831777,343.0,1.0978810576,28.0,0.3367408298
32,organisms,Bacteria:Firmicutes:Clostridia:Clostridiales:Clostridiaceae:Clostridium:intestinale,1,Bacteria:Firmicutes:Clostridia:Clostridiales:Clostridiaceae:Clostridium:intestinale,Clostridia,Firmicutes,Bacteria,Clostridiales,Bacteria,intestinale,Clostridium,species,2.0,https://www.ebi.ac.uk/metagenomics/api/v1/annotations/organisms/Bacteria%253AFirmicutes%253AClostridia%253AClostridiales%253AClostridiaceae%253AClostridium%253Aintestinale,Clostridiaceae,Clostridium,intestinale,MGYA00005318,33202.0,100.0,3275.0,9.8638636227,3248.0,9.7825432203,3237.0,9.7508811037,157.0,0.47750844,15.0,0.0480122911,1.0,0.0120264582
33,organisms,Bacteria:Proteobacteria:Betaproteobacteria:Nitrosomonadales:Nitrosomonadaceae,2,Bacteria:Proteobacteria:Betaproteobacteria:Nitrosomonadales:Nitrosomonadaceae,Betaproteobacteria,Proteobacteria,Bacteria,Nitrosomonadales,Bacteria,Nitrosomonadaceae,Nitrosomonadales,family,2.0,https://www.ebi.ac.uk/metagenomics/api/v1/annotations/organisms/Bacteria%253AProteobacteria%253ABetaproteobacteria%253ANitrosomonadales%253ANitrosomonadaceae,Nitrosomonadaceae,,,MGYA00005318,33202.0,100.0,2384.0,7.180290344,2281.0,6.8700680682,2.0,0.0060246408,2.0,0.0060829101,,,,
34,organisms,Bacteria:Proteobacteria:Betaproteobacteria:Burkholderiales,6,Bacteria:Proteobacteria:Betaproteobacteria:Burkholderiales,Betaproteobacteria,Proteobacteria,Bacteria,Burkholderiales,Bacteria,Burkholderiales,Betaproteobacteria,order,2.0,https://www.ebi.ac.uk/metagenomics/api/v1/annotations/organisms/Bacteria%253AProteobacteria%253ABetaproteobacteria%253ABurkholderiales,,,,MGYA00005318,33202.0,100.0,2384.0,7.180290344,2281.0,6.8700680682,2235.0,6.7325360725,,,,,,
35,organisms,Bacteria:Proteobacteria:Betaproteobacteria:Rhodocyclales:Rhodocyclaceae:Dechloromonas,2,Bacteria:Proteobacteria:Betaproteobacteria:Rhodocyclales:Rhodocyclaceae:Dechloromonas,Betaproteobacteria,Proteobacteria,Bacteria,Rhodocyclales,Bacteria,Dechloromonas,Rhodocyclaceae,genus,2.0,https://www.ebi.ac.uk/metagenomics/api/v1/annotations/organisms/Bacteria%253AProteobacteria%253ABetaproteobacteria%253ARhodocyclales%253ARhodocyclaceae%253ADechloromonas,Rhodocyclaceae,Dechloromonas,,MGYA00005318,33202.0,100.0,2384.0,7.180290344,2281.0,6.8700680682,5.0,0.015061602,5.0,0.0152072752,2.0,0.0064016388,,
36,organisms,Bacteria:Firmicutes:Clostridia:Clostridiales:Veillonellaceae:Dialister,165,Bacteria:Firmicutes:Clostridia:Clostridiales:Veillonellaceae:Dialister,Clostridia,Firmicutes,Bacteria,Clostridiales,Bacteria,Dialister,Veillonellaceae,genus,2.0,https://www.ebi.ac.uk/metagenomics/api/v1/annotations/organisms/Bacteria%253AFirmicutes%253AClostridia%253AClostridiales%253AVeillonellaceae%253ADialister,Veillonellaceae,Dialister,,MGYA00005318,33202.0,100.0,3275.0,9.8638636227,3248.0,9.7825432203,3237.0,9.7508811037,552.0,1.6788831777,165.0,0.5281352026,,
37,organisms,Bacteria:Firmicutes:Erysipelotrichi:Erysipelotrichales:Erysipelotrichaceae:Bulleidia:moorei,1,Bacteria:Firmicutes:Erysipelotrichi:Erysipelotrichales:Erysipelotrichaceae:Bulleidia:moorei,Erysipelotrichi,Firmicutes,Bacteria,Erysipelotrichales,Bacteria,moorei,Bulleidia,species,2.0,https://www.ebi.ac.uk/metagenomics/api/v1/annotations/organisms/Bacteria%253AFirmicutes%253AErysipelotrichi%253AErysipelotrichales%253AErysipelotrichaceae%253ABulleidia%253Amoorei,Erysipelotrichaceae,Bulleidia,moorei,MGYA00005318,33202.0,100.0,3275.0,9.8638636227,11.0,0.0331305343,11.0,0.0331355243,11.0,0.0334560054,2.0,0.0064016388,1.0,0.0120264582
38,organisms,Bacteria:Proteobacteria:Gammaproteobacteria:Pasteurellales:Pasteurellaceae:Haemophilus:parainfluenzae,31,Bacteria:Proteobacteria:Gammaproteobacteria:Pasteurellales:Pasteurellaceae:Haemophilus:parainfluenzae,Gammaproteobacteria,Proteobacteria,Bacteria,Pasteurellales,Bacteria,parainfluenzae,Haemophilus,species,2.0,https://www.ebi.ac.uk/metagenomics/api/v1/annotations/organisms/Bacteria%253AProteobacteria%253AGammaproteobacteria%253APasteurellales%253APasteurellaceae%253AHaemophilus%253Aparainfluenzae,Pasteurellaceae,Haemophilus,parainfluenzae,MGYA00005318,33202.0,100.0,2384.0,7.180290344,96.0,0.2891392085,47.0,0.1415790583,47.0,0.1429483865,37.0,0.1184303182,31.0,0.3728202044
39,organisms,Bacteria:Proteobacteria:Betaproteobacteria:Burkholderiales:Alcaligenaceae,22,Bacteria:Proteobacteria:Betaproteobacteria:Burkholderiales:Alcaligenaceae,Betaproteobacteria,Proteobacteria,Bacteria,Burkholderiales,Bacteria,Alcaligenaceae,Burkholderiales,family,2.0,https://www.ebi.ac.uk/metagenomics/api/v1/annotations/organisms/Bacteria%253AProteobacteria%253ABetaproteobacteria%253ABurkholderiales%253AAlcaligenaceae,Alcaligenaceae,,,MGYA00005318,33202.0,100.0,2384.0,7.180290344,2281.0,6.8700680682,2235.0,6.7325360725,2092.0,6.3627239271,,,,
40,organisms,Bacteria:Firmicutes:Clostridia:Clostridiales:Peptostreptococcaceae:Clostridium:difficile,5,Bacteria:Firmicutes:Clostridia:Clostridiales:Peptostreptococcaceae:Clostridium:difficile,Clostridia,Firmicutes,Bacteria,Clostridiales,Bacteria,difficile,Clostridium,species,2.0,https://www.ebi.ac.uk/metagenomics/api/v1/annotations/organisms/Bacteria%253AFirmicutes%253AClostridia%253AClostridiales%253APeptostreptococcaceae%253AClostridium%253Adifficile,Peptostreptococcaceae,Clostridium,difficile,MGYA00005318,33202.0,100.0,3275.0,9.8638636227,3248.0,9.7825432203,3237.0,9.7508811037,57.0,0.1733629368,15.0,0.0480122911,5.0,0.060132291
41,organisms,Bacteria:Bacteroidetes:Bacteroidia:Bacteroidales:Bacteroidaceae:Bacteroides:coprosuis,1,Bacteria:Bacteroidetes:Bacteroidia:Bacteroidales:Bacteroidaceae:Bacteroides:coprosuis,Bacteroidia,Bacteroidetes,Bacteria,Bacteroidales,Bacteria,coprosuis,Bacteroides,species,2.0,https://www.ebi.ac.uk/metagenomics/api/v1/annotations/organisms/Bacteria%253ABacteroidetes%253ABacteroidia%253ABacteroidales%253ABacteroidaceae%253ABacteroides%253Acoprosuis,Bacteroidaceae,Bacteroides,coprosuis,MGYA00005318,33202.0,100.0,27517.0,82.8775374977,27516.0,82.874525631,27516.0,82.8870078622,18865.0,57.3770491803,18838.0,60.2970360412,1.0,0.0120264582
42,organisms,Bacteria:Bacteroidetes:Bacteroidia:Bacteroidales:Porphyromonadaceae:Parabacteroides:gordonii,5,Bacteria:Bacteroidetes:Bacteroidia:Bacteroidales:Porphyromonadaceae:Parabacteroides:gordonii,Bacteroidia,Bacteroidetes,Bacteria,Bacteroidales,Bacteria,gordonii,Parabacteroides,species,2.0,https://www.ebi.ac.uk/metagenomics/api/v1/annotations/organisms/Bacteria%253ABacteroidetes%253ABacteroidia%253ABacteroidales%253APorphyromonadaceae%253AParabacteroides%253Agordonii,Porphyromonadaceae,Parabacteroides,gordonii,MGYA00005318,33202.0,100.0,27517.0,82.8775374977,27516.0,82.874525631,27516.0,82.8870078622,3188.0,9.6961586423,2773.0,8.8758722233,5.0,0.060132291
43,organisms,Bacteria:Firmicutes:Clostridia:Clostridiales:Lachnospiraceae:Oribacterium,1,Bacteria:Firmicutes:Clostridia:Clostridiales:Lachnospiraceae:Oribacterium,Clostridia,Firmicutes,Bacteria,Clostridiales,Bacteria,Oribacterium,Lachnospiraceae,genus,2.0,https://www.ebi.ac.uk/metagenomics/api/v1/annotations/organisms/Bacteria%253AFirmicutes%253AClostridia%253AClostridiales%253ALachnospiraceae%253AOribacterium,Lachnospiraceae,Oribacterium,,MGYA00005318,33202.0,100.0,3275.0,9.8638636227,3248.0,9.7825432203,3237.0,9.7508811037,1996.0,6.070744244,1.0,0.0032008194,,
44,organisms,Bacteria:Firmicutes:Clostridia:Halanaerobiales:Halanaerobiaceae,5,Bacteria:Firmicutes:Clostridia:Halanaerobiales:Halanaerobiaceae,Clostridia,Firmicutes,Bacteria,Halanaerobiales,Bacteria,Halanaerobiaceae,Halanaerobiales,family,2.0,https://www.ebi.ac.uk/metagenomics/api/v1/annotations/organisms/Bacteria%253AFirmicutes%253AClostridia%253AHalanaerobiales%253AHalanaerobiaceae,Halanaerobiaceae,,,MGYA00005318,33202.0,100.0,3275.0,9.8638636227,3248.0,9.7825432203,5.0,0.015061602,5.0,0.0152072752,,,,
45,organisms,Bacteria:Proteobacteria:Betaproteobacteria:Rhodocyclales:Rhodocyclaceae:Uliginosibacterium,1,Bacteria:Proteobacteria:Betaproteobacteria:Rhodocyclales:Rhodocyclaceae:Uliginosibacterium,Betaproteobacteria,Proteobacteria,Bacteria,Rhodocyclales,Bacteria,Uliginosibacterium,Rhodocyclaceae,genus,2.0,https://www.ebi.ac.uk/metagenomics/api/v1/annotations/organisms/Bacteria%253AProteobacteria%253ABetaproteobacteria%253ARhodocyclales%253ARhodocyclaceae%253AUliginosibacterium,Rhodocyclaceae,Uliginosibacterium,,MGYA00005318,33202.0,100.0,2384.0,7.180290344,2281.0,6.8700680682,5.0,0.015061602,5.0,0.0152072752,1.0,0.0032008194,,
46,organisms,Bacteria:Firmicutes:Clostridia:Clostridiales:Ruminococcaceae:Ruminococcus,54,Bacteria:Firmicutes:Clostridia:Clostridiales:Ruminococcaceae:Ruminococcus,Clostridia,Firmicutes,Bacteria,Clostridiales,Bacteria,Ruminococcus,Ruminococcaceae,genus,2.0,https://www.ebi.ac.uk/metagenomics/api/v1/annotations/organisms/Bacteria%253AFirmicutes%253AClostridia%253AClostridiales%253ARuminococcaceae%253ARuminococcus,Ruminococcaceae,Ruminococcus,,MGYA00005318,33202.0,100.0,3275.0,9.8638636227,3248.0,9.7825432203,3237.0,9.7508811037,237.0,0.7208248426,115.0,0.3680942321,,
47,organisms,Bacteria:Proteobacteria:Alphaproteobacteria:Rhodospirillales:Rhodospirillaceae,4,Bacteria:Proteobacteria:Alphaproteobacteria:Rhodospirillales:Rhodospirillaceae,Alphaproteobacteria,Proteobacteria,Bacteria,Rhodospirillales,Bacteria,Rhodospirillaceae,Rhodospirillales,family,2.0,https://www.ebi.ac.uk/metagenomics/api/v1/annotations/organisms/Bacteria%253AProteobacteria%253AAlphaproteobacteria%253ARhodospirillales%253ARhodospirillaceae,Rhodospirillaceae,,,MGYA00005318,33202.0,100.0,2384.0,7.180290344,4.0,0.012047467,4.0,0.0120492816,4.0,0.0121658201,,,,
48,organisms,Bacteria:Firmicutes:Clostridia:Clostridiales:Lachnospiraceae:Ruminococcus,3,Bacteria:Firmicutes:Clostridia:Clostridiales:Lachnospiraceae:Ruminococcus,Clostridia,Firmicutes,Bacteria,Clostridiales,Bacteria,Ruminococcus,Lachnospiraceae,genus,2.0,https://www.ebi.ac.uk/metagenomics/api/v1/annotations/organisms/Bacteria%253AFirmicutes%253AClostridia%253AClostridiales%253ALachnospiraceae%253ARuminococcus,Lachnospiraceae,Ruminococcus,,MGYA00005318,33202.0,100.0,3275.0,9.8638636227,3248.0,9.7825432203,3237.0,9.7508811037,1996.0,6.070744244,115.0,0.3680942321,,
49,organisms,Bacteria:Firmicutes:Clostridia:Clostridiales:Lachnospiraceae:Roseburia:faecis,7,Bacteria:Firmicutes:Clostridia:Clostridiales:Lachnospiraceae:Roseburia:faecis,Clostridia,Firmicutes,Bacteria,Clostridiales,Bacteria,faecis,Roseburia,species,2.0,https://www.ebi.ac.uk/metagenomics/api/v1/annotations/organisms/Bacteria%253AFirmicutes%253AClostridia%253AClostridiales%253ALachnospiraceae%253ARoseburia%253Afaecis,Lachnospiraceae,Roseburia,faecis,MGYA00005318,33202.0,100.0,3275.0,9.8638636227,3248.0,9.7825432203,3237.0,9.7508811037,1996.0,6.070744244,92.0,0.2944753857,7.0,0.0841852075
50,organisms,Bacteria:Bacteroidetes:Bacteroidia:Bacteroidales:Odoribacteraceae:Odoribacter,7,Bacteria:Bacteroidetes:Bacteroidia:Bacteroidales:Odoribacteraceae:Odoribacter,Bacteroidia,Bacteroidetes,Bacteria,Bacteroidales,Bacteria,Odoribacter,Odoribacteraceae,genus,2.0,https://www.ebi.ac.uk/metagenomics/api/v1/annotations/organisms/Bacteria%253ABacteroidetes%253ABacteroidia%253ABacteroidales%253AOdoribacteraceae%253AOdoribacter,Odoribacteraceae,Odoribacter,,MGYA00005318,33202.0,100.0,27517.0,82.8775374977,27516.0,82.874525631,27516.0,82.8870078622,11.0,0.0334560054,7.0,0.0224057359,,
51,organisms,Bacteria:Proteobacteria:Betaproteobacteria:Hydrogenophilales:Hydrogenophilaceae:Thiobacillus,1,Bacteria:Proteobacteria:Betaproteobacteria:Hydrogenophilales:Hydrogenophilaceae:Thiobacillus,Betaproteobacteria,Proteobacteria,Bacteria,Hydrogenophilales,Bacteria,Thiobacillus,Hydrogenophilaceae,genus,2.0,https://www.ebi.ac.uk/metagenomics/api/v1/annotations/organisms/Bacteria%253AProteobacteria%253ABetaproteobacteria%253AHydrogenophilales%253AHydrogenophilaceae%253AThiobacillus,Hydrogenophilaceae,Thiobacillus,,MGYA00005318,33202.0,100.0,2384.0,7.180290344,2281.0,6.8700680682,1.0,0.0030123204,1.0,0.003041455,1.0,0.0032008194,,
52,organisms,Bacteria:Bacteroidetes:Bacteroidia:Bacteroidales:Paraprevotellaceae:CF231,9,Bacteria:Bacteroidetes:Bacteroidia:Bacteroidales:Paraprevotellaceae:CF231,Bacteroidia,Bacteroidetes,Bacteria,Bacteroidales,Bacteria,CF231,Paraprevotellaceae,genus,2.0,https://www.ebi.ac.uk/metagenomics/api/v1/annotations/organisms/Bacteria%253ABacteroidetes%253ABacteroidia%253ABacteroidales%253AParaprevotellaceae%253ACF231,Paraprevotellaceae,CF231,,MGYA00005318,33202.0,100.0,27517.0,82.8775374977,27516.0,82.874525631,27516.0,82.8870078622,132.0,0.4014720642,9.0,0.0288073747,,
53,organisms,Bacteria:Bacteroidetes:Bacteroidia:Bacteroidales:Prevotellaceae:Prevotella:melaninogenica,9,Bacteria:Bacteroidetes:Bacteroidia:Bacteroidales:Prevotellaceae:Prevotella:melaninogenica,Bacteroidia,Bacteroidetes,Bacteria,Bacteroidales,Bacteria,melaninogenica,Prevotella,species,2.0,https://www.ebi.ac.uk/metagenomics/api/v1/annotations/organisms/Bacteria%253ABacteroidetes%253ABacteroidia%253ABacteroidales%253APrevotellaceae%253APrevotella%253Amelaninogenica,Prevotellaceae,Prevotella,melaninogenica,MGYA00005318,33202.0,100.0,27517.0,82.8775374977,27516.0,82.874525631,27516.0,82.8870078622,5025.0,15.2833115362,5038.0,16.1257281864,9.0,0.1082381239
54,organisms,Bacteria:Tenericutes:Mollicutes:RF39,2,Bacteria:Tenericutes:Mollicutes:RF39,Mollicutes,Tenericutes,Bacteria,RF39,Bacteria,RF39,Mollicutes,order,2.0,https://www.ebi.ac.uk/metagenomics/api/v1/annotations/organisms/Bacteria%253ATenericutes%253AMollicutes%253ARF39,,,,MGYA00005318,33202.0,100.0,2.0,0.0060237335,2.0,0.0060237335,2.0,0.0060246408,,,,,,
55,organisms,Bacteria:Firmicutes:Clostridia:Clostridiales:Peptostreptococcaceae,51,Bacteria:Firmicutes:Clostridia:Clostridiales:Peptostreptococcaceae,Clostridia,Firmicutes,Bacteria,Clostridiales,Bacteria,Peptostreptococcaceae,Clostridiales,family,2.0,https://www.ebi.ac.uk/metagenomics/api/v1/annotations/organisms/Bacteria%253AFirmicutes%253AClostridia%253AClostridiales%253APeptostreptococcaceae,Peptostreptococcaceae,,,MGYA00005318,33202.0,100.0,3275.0,9.8638636227,3248.0,9.7825432203,3237.0,9.7508811037,57.0,0.1733629368,,,,
56,organisms,Bacteria:Proteobacteria:Betaproteobacteria:Burkholderiales:Comamonadaceae:Methylibium,6,Bacteria:Proteobacteria:Betaproteobacteria:Burkholderiales:Comamonadaceae:Methylibium,Betaproteobacteria,Proteobacteria,Bacteria,Burkholderiales,Bacteria,Methylibium,Comamonadaceae,genus,2.0,https://www.ebi.ac.uk/metagenomics/api/v1/annotations/organisms/Bacteria%253AProteobacteria%253ABetaproteobacteria%253ABurkholderiales%253AComamonadaceae%253AMethylibium,Comamonadaceae,Methylibium,,MGYA00005318,33202.0,100.0,2384.0,7.180290344,2281.0,6.8700680682,2235.0,6.7325360725,90.0,0.2737309529,6.0,0.0192049165,,
57,organisms,Bacteria:Bacteroidetes:Bacteroidia:Bacteroidales:Porphyromonadaceae:Porphyromonas,6,Bacteria:Bacteroidetes:Bacteroidia:Bacteroidales:Porphyromonadaceae:Porphyromonas,Bacteroidia,Bacteroidetes,Bacteria,Bacteroidales,Bacteria,Porphyromonas,Porphyromonadaceae,genus,2.0,https://www.ebi.ac.uk/metagenomics/api/v1/annotations/organisms/Bacteria%253ABacteroidetes%253ABacteroidia%253ABacteroidales%253APorphyromonadaceae%253APorphyromonas,Porphyromonadaceae,Porphyromonas,,MGYA00005318,33202.0,100.0,27517.0,82.8775374977,27516.0,82.874525631,27516.0,82.8870078622,3188.0,9.6961586423,6.0,0.0192049165,,
58,organisms,Bacteria:Proteobacteria:Gammaproteobacteria:Enterobacteriales:Enterobacteriaceae:Erwinia,1,Bacteria:Proteobacteria:Gammaproteobacteria:Enterobacteriales:Enterobacteriaceae:Erwinia,Gammaproteobacteria,Proteobacteria,Bacteria,Enterobacteriales,Bacteria,Erwinia,Enterobacteriaceae,genus,2.0,https://www.ebi.ac.uk/metagenomics/api/v1/annotations/organisms/Bacteria%253AProteobacteria%253AGammaproteobacteria%253AEnterobacteriales%253AEnterobacteriaceae%253AErwinia,Enterobacteriaceae,Erwinia,,MGYA00005318,33202.0,100.0,2384.0,7.180290344,96.0,0.2891392085,9.0,0.0271108835,9.0,0.0273730953,1.0,0.0032008194,,
59,organisms,Bacteria:Bacteroidetes:Bacteroidia:Bacteroidales:Rikenellaceae,6,Bacteria:Bacteroidetes:Bacteroidia:Bacteroidales:Rikenellaceae,Bacteroidia,Bacteroidetes,Bacteria,Bacteroidales,Bacteria,Rikenellaceae,Bacteroidales,family,2.0,https://www.ebi.ac.uk/metagenomics/api/v1/annotations/organisms/Bacteria%253ABacteroidetes%253ABacteroidia%253ABacteroidales%253ARikenellaceae,Rikenellaceae,,,MGYA00005318,33202.0,100.0,27517.0,82.8775374977,27516.0,82.874525631,27516.0,82.8870078622,68.0,0.2068189422,,,,
60,organisms,Bacteria:Proteobacteria:Gammaproteobacteria:Pasteurellales:Pasteurellaceae:Actinobacillus:parahaemolyticus,1,Bacteria:Proteobacteria:Gammaproteobacteria:Pasteurellales:Pasteurellaceae:Actinobacillus:parahaemolyticus,Gammaproteobacteria,Proteobacteria,Bacteria,Pasteurellales,Bacteria,parahaemolyticus,Actinobacillus,species,2.0,https://www.ebi.ac.uk/metagenomics/api/v1/annotations/organisms/Bacteria%253AProteobacteria%253AGammaproteobacteria%253APasteurellales%253APasteurellaceae%253AActinobacillus%253Aparahaemolyticus,Pasteurellaceae,Actinobacillus,parahaemolyticus,MGYA00005318,33202.0,100.0,2384.0,7.180290344,96.0,0.2891392085,47.0,0.1415790583,47.0,0.1429483865,1.0,0.0032008194,1.0,0.0120264582
61,organisms,Bacteria:Bacteroidetes:Bacteroidia:Bacteroidales:Barnesiellaceae,12,Bacteria:Bacteroidetes:Bacteroidia:Bacteroidales:Barnesiellaceae,Bacteroidia,Bacteroidetes,Bacteria,Bacteroidales,Bacteria,Barnesiellaceae,Bacteroidales,family,2.0,https://www.ebi.ac.uk/metagenomics/api/v1/annotations/organisms/Bacteria%253ABacteroidetes%253ABacteroidia%253ABacteroidales%253ABarnesiellaceae,Barnesiellaceae,,,MGYA00005318,33202.0,100.0,27517.0,82.8775374977,27516.0,82.874525631,27516.0,82.8870078622,12.0,0.0364974604,,,,
62,organisms,Bacteria:Firmicutes:Clostridia:Clostridiales:Veillonellaceae:Megasphaera,2,Bacteria:Firmicutes:Clostridia:Clostridiales:Veillonellaceae:Megasphaera,Clostridia,Firmicutes,Bacteria,Clostridiales,Bacteria,Megasphaera,Veillonellaceae,genus,2.0,https://www.ebi.ac.uk/metagenomics/api/v1/annotations/organisms/Bacteria%253AFirmicutes%253AClostridia%253AClostridiales%253AVeillonellaceae%253AMegasphaera,Veillonellaceae,Megasphaera,,MGYA00005318,33202.0,100.0,3275.0,9.8638636227,3248.0,9.7825432203,3237.0,9.7508811037,552.0,1.6788831777,2.0,0.0064016388,,
63,organisms,Unusigned,2446,Unusigned,,,,,,Unusigned,,,2.0,https://www.ebi.ac.uk/metagenomics/api/v1/annotations/organisms/Unusigned,,,,MGYA00005318,,,,,,,,,,,,,,
64,organisms,Bacteria:Proteobacteria:Betaproteobacteria:Burkholderiales:Oxalobacteraceae,36,Bacteria:Proteobacteria:Betaproteobacteria:Burkholderiales:Oxalobacteraceae,Betaproteobacteria,Proteobacteria,Bacteria,Burkholderiales,Bacteria,Oxalobacteraceae,Burkholderiales,family,2.0,https://www.ebi.ac.uk/metagenomics/api/v1/annotations/organisms/Bacteria%253AProteobacteria%253ABetaproteobacteria%253ABurkholderiales%253AOxalobacteraceae,Oxalobacteraceae,,,MGYA00005318,33202.0,100.0,2384.0,7.180290344,2281.0,6.8700680682,2235.0,6.7325360725,37.0,0.1125338362,,,,
65,organisms,Bacteria:Firmicutes:Erysipelotrichi:Erysipelotrichales:Erysipelotrichaceae:Bulleidia,1,Bacteria:Firmicutes:Erysipelotrichi:Erysipelotrichales:Erysipelotrichaceae:Bulleidia,Erysipelotrichi,Firmicutes,Bacteria,Erysipelotrichales,Bacteria,Bulleidia,Erysipelotrichaceae,genus,2.0,https://www.ebi.ac.uk/metagenomics/api/v1/annotations/organisms/Bacteria%253AFirmicutes%253AErysipelotrichi%253AErysipelotrichales%253AErysipelotrichaceae%253ABulleidia,Erysipelotrichaceae,Bulleidia,,MGYA00005318,33202.0,100.0,3275.0,9.8638636227,11.0,0.0331305343,11.0,0.0331355243,11.0,0.0334560054,2.0,0.0064016388,,
66,organisms,Bacteria:Firmicutes:Clostridia:Natranaerobiales:Anaerobrancaceae,6,Bacteria:Firmicutes:Clostridia:Natranaerobiales:Anaerobrancaceae,Clostridia,Firmicutes,Bacteria,Natranaerobiales,Bacteria,Anaerobrancaceae,Natranaerobiales,family,2.0,https://www.ebi.ac.uk/metagenomics/api/v1/annotations/organisms/Bacteria%253AFirmicutes%253AClostridia%253ANatranaerobiales%253AAnaerobrancaceae,Anaerobrancaceae,,,MGYA00005318,33202.0,100.0,3275.0,9.8638636227,3248.0,9.7825432203,6.0,0.0180739223,6.0,0.0182487302,,,,
67,organisms,Bacteria:Actinobacteria:Actinobacteria:Bifidobacteriales:Bifidobacteriaceae:Bifidobacterium,1,Bacteria:Actinobacteria:Actinobacteria:Bifidobacteriales:Bifidobacteriaceae:Bifidobacterium,Actinobacteria,Actinobacteria,Bacteria,Bifidobacteriales,Bacteria,Bifidobacterium,Bifidobacteriaceae,genus,2.0,https://www.ebi.ac.uk/metagenomics/api/v1/annotations/organisms/Bacteria%253AActinobacteria%253AActinobacteria%253ABifidobacteriales%253ABifidobacteriaceae%253ABifidobacterium,Bifidobacteriaceae,Bifidobacterium,,MGYA00005318,33202.0,100.0,23.0,0.0692729354,2.0,0.0060237335,2.0,0.0060246408,2.0,0.0060829101,2.0,0.0064016388,,
68,organisms,Bacteria:Firmicutes:Clostridia:Clostridiales:Clostridiaceae:Clostridium:perfringens,1,Bacteria:Firmicutes:Clostridia:Clostridiales:Clostridiaceae:Clostridium:perfringens,Clostridia,Firmicutes,Bacteria,Clostridiales,Bacteria,perfringens,Clostridium,species,2.0,https://www.ebi.ac.uk/metagenomics/api/v1/annotations/organisms/Bacteria%253AFirmicutes%253AClostridia%253AClostridiales%253AClostridiaceae%253AClostridium%253Aperfringens,Clostridiaceae,Clostridium,perfringens,MGYA00005318,33202.0,100.0,3275.0,9.8638636227,3248.0,9.7825432203,3237.0,9.7508811037,157.0,0.47750844,15.0,0.0480122911,1.0,0.0120264582
69,organisms,Bacteria:Bacteroidetes:Bacteroidia:Bacteroidales:Bacteroidaceae:Bacteroides:fragilis,17,Bacteria:Bacteroidetes:Bacteroidia:Bacteroidales:Bacteroidaceae:Bacteroides:fragilis,Bacteroidia,Bacteroidetes,Bacteria,Bacteroidales,Bacteria,fragilis,Bacteroides,species,2.0,https://www.ebi.ac.uk/metagenomics/api/v1/annotations/organisms/Bacteria%253ABacteroidetes%253ABacteroidia%253ABacteroidales%253ABacteroidaceae%253ABacteroides%253Afragilis,Bacteroidaceae,Bacteroides,fragilis,MGYA00005318,33202.0,100.0,27517.0,82.8775374977,27516.0,82.874525631,27516.0,82.8870078622,18865.0,57.3770491803,18838.0,60.2970360412,17.0,0.2044497895
70,organisms,Bacteria:Proteobacteria:Gammaproteobacteria:Enterobacteriales:Enterobacteriaceae:Citrobacter,1,Bacteria:Proteobacteria:Gammaproteobacteria:Enterobacteriales:Enterobacteriaceae:Citrobacter,Gammaproteobacteria,Proteobacteria,Bacteria,Enterobacteriales,Bacteria,Citrobacter,Enterobacteriaceae,genus,2.0,https://www.ebi.ac.uk/metagenomics/api/v1/annotations/organisms/Bacteria%253AProteobacteria%253AGammaproteobacteria%253AEnterobacteriales%253AEnterobacteriaceae%253ACitrobacter,Enterobacteriaceae,Citrobacter,,MGYA00005318,33202.0,100.0,2384.0,7.180290344,96.0,0.2891392085,9.0,0.0271108835,9.0,0.0273730953,1.0,0.0032008194,,
71,organisms,Bacteria:Bacteroidetes:Bacteroidia:Bacteroidales:Bacteroidaceae:Bacteroides:plebeius,19,Bacteria:Bacteroidetes:Bacteroidia:Bacteroidales:Bacteroidaceae:Bacteroides:plebeius,Bacteroidia,Bacteroidetes,Bacteria,Bacteroidales,Bacteria,plebeius,Bacteroides,species,2.0,https://www.ebi.ac.uk/metagenomics/api/v1/annotations/organisms/Bacteria%253ABacteroidetes%253ABacteroidia%253ABacteroidales%253ABacteroidaceae%253ABacteroides%253Aplebeius,Bacteroidaceae,Bacteroides,plebeius,MGYA00005318,33202.0,100.0,27517.0,82.8775374977,27516.0,82.874525631,27516.0,82.8870078622,18865.0,57.3770491803,18838.0,60.2970360412,19.0,0.228502706
72,organisms,Bacteria:Firmicutes:Clostridia:Clostridiales:Lachnospiraceae:Lachnospira,394,Bacteria:Firmicutes:Clostridia:Clostridiales:Lachnospiraceae:Lachnospira,Clostridia,Firmicutes,Bacteria,Clostridiales,Bacteria,Lachnospira,Lachnospiraceae,genus,2.0,https://www.ebi.ac.uk/metagenomics/api/v1/annotations/organisms/Bacteria%253AFirmicutes%253AClostridia%253AClostridiales%253ALachnospiraceae%253ALachnospira,Lachnospiraceae,Lachnospira,,MGYA00005318,33202.0,100.0,3275.0,9.8638636227,3248.0,9.7825432203,3237.0,9.7508811037,1996.0,6.070744244,399.0,1.2771269445,,
73,organisms,Bacteria:Firmicutes:Clostridia:Clostridiales:Ruminococcaceae:Oscillospira,15,Bacteria:Firmicutes:Clostridia:Clostridiales:Ruminococcaceae:Oscillospira,Clostridia,Firmicutes,Bacteria,Clostridiales,Bacteria,Oscillospira,Ruminococcaceae,genus,2.0,https://www.ebi.ac.uk/metagenomics/api/v1/annotations/organisms/Bacteria%253AFirmicutes%253AClostridia%253AClostridiales%253ARuminococcaceae%253AOscillospira,Ruminococcaceae,Oscillospira,,MGYA00005318,33202.0,100.0,3275.0,9.8638636227,3248.0,9.7825432203,3237.0,9.7508811037,237.0,0.7208248426,15.0,0.0480122911,,
74,organisms,Bacteria:Bacteroidetes:Bacteroidia:Bacteroidales:SB-1,11,Bacteria:Bacteroidetes:Bacteroidia:Bacteroidales:SB-1,Bacteroidia,Bacteroidetes,Bacteria,Bacteroidales,Bacteria,SB-1,Bacteroidales,family,2.0,https://www.ebi.ac.uk/metagenomics/api/v1/annotations/organisms/Bacteria%253ABacteroidetes%253ABacteroidia%253ABacteroidales%253ASB-1,SB-1,,,MGYA00005318,33202.0,100.0,27517.0,82.8775374977,27516.0,82.874525631,27516.0,82.8870078622,11.0,0.0334560054,,,,
75,organisms,Bacteria:Firmicutes:Clostridia:Clostridiales:Lachnospiraceae:Blautia:producta,45,Bacteria:Firmicutes:Clostridia:Clostridiales:Lachnospiraceae:Blautia:producta,Clostridia,Firmicutes,Bacteria,Clostridiales,Bacteria,producta,Blautia,species,2.0,https://www.ebi.ac.uk/metagenomics/api/v1/annotations/organisms/Bacteria%253AFirmicutes%253AClostridia%253AClostridiales%253ALachnospiraceae%253ABlautia%253Aproducta,Lachnospiraceae,Blautia,producta,MGYA00005318,33202.0,100.0,3275.0,9.8638636227,3248.0,9.7825432203,3237.0,9.7508811037,1996.0,6.070744244,266.0,0.851417963,45.0,0.5411906194
76,organisms,Bacteria:Proteobacteria:Gammaproteobacteria:Pasteurellales:Pasteurellaceae:Aggregatibacter,3,Bacteria:Proteobacteria:Gammaproteobacteria:Pasteurellales:Pasteurellaceae:Aggregatibacter,Gammaproteobacteria,Proteobacteria,Bacteria,Pasteurellales,Bacteria,Aggregatibacter,Pasteurellaceae,genus,2.0,https://www.ebi.ac.uk/metagenomics/api/v1/annotations/organisms/Bacteria%253AProteobacteria%253AGammaproteobacteria%253APasteurellales%253APasteurellaceae%253AAggregatibacter,Pasteurellaceae,Aggregatibacter,,MGYA00005318,33202.0,100.0,2384.0,7.180290344,96.0,0.2891392085,47.0,0.1415790583,47.0,0.1429483865,3.0,0.0096024582,,
77,organisms,Bacteria:Firmicutes:Clostridia:Clostridiales:Veillonellaceae:Veillonella,289,Bacteria:Firmicutes:Clostridia:Clostridiales:Veillonellaceae:Veillonella,Clostridia,Firmicutes,Bacteria,Clostridiales,Bacteria,Veillonella,Veillonellaceae,genus,2.0,https://www.ebi.ac.uk/metagenomics/api/v1/annotations/organisms/Bacteria%253AFirmicutes%253AClostridia%253AClostridiales%253AVeillonellaceae%253AVeillonella,Veillonellaceae,Veillonella,,MGYA00005318,33202.0,100.0,3275.0,9.8638636227,3248.0,9.7825432203,3237.0,9.7508811037,552.0,1.6788831777,343.0,1.0978810576,,
78,organisms,Bacteria:Firmicutes:Bacilli:Lactobacillales:Streptococcaceae:Lactococcus,2,Bacteria:Firmicutes:Bacilli:Lactobacillales:Streptococcaceae:Lactococcus,Bacilli,Firmicutes,Bacteria,Lactobacillales,Bacteria,Lactococcus,Streptococcaceae,genus,2.0,https://www.ebi.ac.uk/metagenomics/api/v1/annotations/organisms/Bacteria%253AFirmicutes%253ABacilli%253ALactobacillales%253AStreptococcaceae%253ALactococcus,Streptococcaceae,Lactococcus,,MGYA00005318,33202.0,100.0,3275.0,9.8638636227,16.0,0.0481898681,10.0,0.0301232039,10.0,0.0304145503,2.0,0.0064016388,,
79,organisms,Bacteria:Actinobacteria:Coriobacteriia:Coriobacteriales:Coriobacteriaceae:Collinsella:aerofaciens,13,Bacteria:Actinobacteria:Coriobacteriia:Coriobacteriales:Coriobacteriaceae:Collinsella:aerofaciens,Coriobacteriia,Actinobacteria,Bacteria,Coriobacteriales,Bacteria,aerofaciens,Collinsella,species,2.0,https://www.ebi.ac.uk/metagenomics/api/v1/annotations/organisms/Bacteria%253AActinobacteria%253ACoriobacteriia%253ACoriobacteriales%253ACoriobacteriaceae%253ACollinsella%253Aaerofaciens,Coriobacteriaceae,Collinsella,aerofaciens,MGYA00005318,33202.0,100.0,23.0,0.0692729354,20.0,0.0602373351,20.0,0.0602464078,20.0,0.0608291006,16.0,0.0512131106,13.0,0.1563439567
80,organisms,Bacteria:Proteobacteria:Betaproteobacteria:Burkholderiales:Comamonadaceae:Hylemonella,1,Bacteria:Proteobacteria:Betaproteobacteria:Burkholderiales:Comamonadaceae:Hylemonella,Betaproteobacteria,Proteobacteria,Bacteria,Burkholderiales,Bacteria,Hylemonella,Comamonadaceae,genus,2.0,https://www.ebi.ac.uk/metagenomics/api/v1/annotations/organisms/Bacteria%253AProteobacteria%253ABetaproteobacteria%253ABurkholderiales%253AComamonadaceae%253AHylemonella,Comamonadaceae,Hylemonella,,MGYA00005318,33202.0,100.0,2384.0,7.180290344,2281.0,6.8700680682,2235.0,6.7325360725,90.0,0.2737309529,1.0,0.0032008194,,
81,organisms,Bacteria:Proteobacteria:Gammaproteobacteria:Chromatiales:Ectothiorhodospiraceae,15,Bacteria:Proteobacteria:Gammaproteobacteria:Chromatiales:Ectothiorhodospiraceae,Gammaproteobacteria,Proteobacteria,Bacteria,Chromatiales,Bacteria,Ectothiorhodospiraceae,Chromatiales,family,2.0,https://www.ebi.ac.uk/metagenomics/api/v1/annotations/organisms/Bacteria%253AProteobacteria%253AGammaproteobacteria%253AChromatiales%253AEctothiorhodospiraceae,Ectothiorhodospiraceae,,,MGYA00005318,33202.0,100.0,2384.0,7.180290344,96.0,0.2891392085,37.0,0.1114558544,15.0,0.0456218255,,,,
82,organisms,Bacteria:Bacteroidetes:Bacteroidia:Bacteroidales:Bacteroidaceae:Bacteroides:caccae,28,Bacteria:Bacteroidetes:Bacteroidia:Bacteroidales:Bacteroidaceae:Bacteroides:caccae,Bacteroidia,Bacteroidetes,Bacteria,Bacteroidales,Bacteria,caccae,Bacteroides,species,2.0,https://www.ebi.ac.uk/metagenomics/api/v1/annotations/organisms/Bacteria%253ABacteroidetes%253ABacteroidia%253ABacteroidales%253ABacteroidaceae%253ABacteroides%253Acaccae,Bacteroidaceae,Bacteroides,caccae,MGYA00005318,33202.0,100.0,27517.0,82.8775374977,27516.0,82.874525631,27516.0,82.8870078622,18865.0,57.3770491803,18838.0,60.2970360412,28.0,0.3367408298
83,organisms,Bacteria:Firmicutes:Clostridia:Clostridiales:Mogibacteriaceae,1,Bacteria:Firmicutes:Clostridia:Clostridiales:Mogibacteriaceae,Clostridia,Firmicutes,Bacteria,Clostridiales,Bacteria,Mogibacteriaceae,Clostridiales,family,2.0,https://www.ebi.ac.uk/metagenomics/api/v1/annotations/organisms/Bacteria%253AFirmicutes%253AClostridia%253AClostridiales%253AMogibacteriaceae,Mogibacteriaceae,,,MGYA00005318,33202.0,100.0,3275.0,9.8638636227,3248.0,9.7825432203,3237.0,9.7508811037,1.0,0.003041455,,,,
84,organisms,Bacteria:Bacteroidetes:Bacteroidia:Bacteroidales:Bacteroidaceae:Bacteroides:uniformis,916,Bacteria:Bacteroidetes:Bacteroidia:Bacteroidales:Bacteroidaceae:Bacteroides:uniformis,Bacteroidia,Bacteroidetes,Bacteria,Bacteroidales,Bacteria,uniformis,Bacteroides,species,2.0,https://www.ebi.ac.uk/metagenomics/api/v1/annotations/organisms/Bacteria%253ABacteroidetes%253ABacteroidia%253ABacteroidales%253ABacteroidaceae%253ABacteroides%253Auniformis,Bacteroidaceae,Bacteroides,uniformis,MGYA00005318,33202.0,100.0,27517.0,82.8775374977,27516.0,82.874525631,27516.0,82.8870078622,18865.0,57.3770491803,18838.0,60.2970360412,916.0,11.0162357186
85,organisms,Bacteria:Proteobacteria:Betaproteobacteria:Rhodocyclales:Rhodocyclaceae,2,Bacteria:Proteobacteria:Betaproteobacteria:Rhodocyclales:Rhodocyclaceae,Betaproteobacteria,Proteobacteria,Bacteria,Rhodocyclales,Bacteria,Rhodocyclaceae,Rhodocyclales,family,2.0,https://www.ebi.ac.uk/metagenomics/api/v1/annotations/organisms/Bacteria%253AProteobacteria%253ABetaproteobacteria%253ARhodocyclales%253ARhodocyclaceae,Rhodocyclaceae,,,MGYA00005318,33202.0,100.0,2384.0,7.180290344,2281.0,6.8700680682,5.0,0.015061602,5.0,0.0152072752,,,,
86,organisms,Bacteria:Firmicutes:Clostridia:Clostridiales:Lachnospiraceae:Dorea,97,Bacteria:Firmicutes:Clostridia:Clostridiales:Lachnospiraceae:Dorea,Clostridia,Firmicutes,Bacteria,Clostridiales,Bacteria,Dorea,Lachnospiraceae,genus,2.0,https://www.ebi.ac.uk/metagenomics/api/v1/annotations/organisms/Bacteria%253AFirmicutes%253AClostridia%253AClostridiales%253ALachnospiraceae%253ADorea,Lachnospiraceae,Dorea,,MGYA00005318,33202.0,100.0,3275.0,9.8638636227,3248.0,9.7825432203,3237.0,9.7508811037,1996.0,6.070744244,101.0,0.3232827604,,
87,organisms,Bacteria:Bacteroidetes:Bacteroidia:Bacteroidales:Porphyromonadaceae:Paludibacter,1,Bacteria:Bacteroidetes:Bacteroidia:Bacteroidales:Porphyromonadaceae:Paludibacter,Bacteroidia,Bacteroidetes,Bacteria,Bacteroidales,Bacteria,Paludibacter,Porphyromonadaceae,genus,2.0,https://www.ebi.ac.uk/metagenomics/api/v1/annotations/organisms/Bacteria%253ABacteroidetes%253ABacteroidia%253ABacteroidales%253APorphyromonadaceae%253APaludibacter,Porphyromonadaceae,Paludibacter,,MGYA00005318,33202.0,100.0,27517.0,82.8775374977,27516.0,82.874525631,27516.0,82.8870078622,3188.0,9.6961586423,1.0,0.0032008194,,
88,organisms,Bacteria:Firmicutes:Bacilli:Lactobacillales:Streptococcaceae:Streptococcus,7,Bacteria:Firmicutes:Bacilli:Lactobacillales:Streptococcaceae:Streptococcus,Bacilli,Firmicutes,Bacteria,Lactobacillales,Bacteria,Streptococcus,Streptococcaceae,genus,2.0,https://www.ebi.ac.uk/metagenomics/api/v1/annotations/organisms/Bacteria%253AFirmicutes%253ABacilli%253ALactobacillales%253AStreptococcaceae%253AStreptococcus,Streptococcaceae,Streptococcus,,MGYA00005318,33202.0,100.0,3275.0,9.8638636227,16.0,0.0481898681,10.0,0.0301232039,10.0,0.0304145503,7.0,0.0224057359,,
89,organisms,Bacteria:Proteobacteria:Gammaproteobacteria:Chromatiales,22,Bacteria:Proteobacteria:Gammaproteobacteria:Chromatiales,Gammaproteobacteria,Proteobacteria,Bacteria,Chromatiales,Bacteria,Chromatiales,Gammaproteobacteria,order,2.0,https://www.ebi.ac.uk/metagenomics/api/v1/annotations/organisms/Bacteria%253AProteobacteria%253AGammaproteobacteria%253AChromatiales,,,,MGYA00005318,33202.0,100.0,2384.0,7.180290344,96.0,0.2891392085,37.0,0.1114558544,,,,,,
90,organisms,Bacteria:Firmicutes:Clostridia:Clostridiales:Peptostreptococcaceae:Tepidibacter,1,Bacteria:Firmicutes:Clostridia:Clostridiales:Peptostreptococcaceae:Tepidibacter,Clostridia,Firmicutes,Bacteria,Clostridiales,Bacteria,Tepidibacter,Peptostreptococcaceae,genus,2.0,https://www.ebi.ac.uk/metagenomics/api/v1/annotations/organisms/Bacteria%253AFirmicutes%253AClostridia%253AClostridiales%253APeptostreptococcaceae%253ATepidibacter,Peptostreptococcaceae,Tepidibacter,,MGYA00005318,33202.0,100.0,3275.0,9.8638636227,3248.0,9.7825432203,3237.0,9.7508811037,57.0,0.1733629368,1.0,0.0032008194,,
91,organisms,Bacteria:Proteobacteria:Betaproteobacteria,1,Bacteria:Proteobacteria:Betaproteobacteria,Betaproteobacteria,Proteobacteria,Bacteria,,Bacteria,Betaproteobacteria,Proteobacteria,class,2.0,https://www.ebi.ac.uk/metagenomics/api/v1/annotations/organisms/Bacteria%253AProteobacteria%253ABetaproteobacteria,,,,MGYA00005318,33202.0,100.0,2384.0,7.180290344,2281.0,6.8700680682,,,,,,,,
92,organisms,Bacteria:Firmicutes:Clostridia:Clostridiales:Christensenellaceae,6,Bacteria:Firmicutes:Clostridia:Clostridiales:Christensenellaceae,Clostridia,Firmicutes,Bacteria,Clostridiales,Bacteria,Christensenellaceae,Clostridiales,family,2.0,https://www.ebi.ac.uk/metagenomics/api/v1/annotations/organisms/Bacteria%253AFirmicutes%253AClostridia%253AClostridiales%253AChristensenellaceae,Christensenellaceae,,,MGYA00005318,33202.0,100.0,3275.0,9.8638636227,3248.0,9.7825432203,3237.0,9.7508811037,6.0,0.0182487302,,,,
93,organisms,Bacteria:Bacteroidetes:Bacteroidia:Bacteroidales:Bacteroidaceae:Bacteroides:acidifaciens,36,Bacteria:Bacteroidetes:Bacteroidia:Bacteroidales:Bacteroidaceae:Bacteroides:acidifaciens,Bacteroidia,Bacteroidetes,Bacteria,Bacteroidales,Bacteria,acidifaciens,Bacteroides,species,2.0,https://www.ebi.ac.uk/metagenomics/api/v1/annotations/organisms/Bacteria%253ABacteroidetes%253ABacteroidia%253ABacteroidales%253ABacteroidaceae%253ABacteroides%253Aacidifaciens,Bacteroidaceae,Bacteroides,acidifaciens,MGYA00005318,33202.0,100.0,27517.0,82.8775374977,27516.0,82.874525631,27516.0,82.8870078622,18865.0,57.3770491803,18838.0,60.2970360412,36.0,0.4329524955
94,organisms,Bacteria:Proteobacteria:Betaproteobacteria:Burkholderiales:Comamonadaceae:Ramlibacter,4,Bacteria:Proteobacteria:Betaproteobacteria:Burkholderiales:Comamonadaceae:Ramlibacter,Betaproteobacteria,Proteobacteria,Bacteria,Burkholderiales,Bacteria,Ramlibacter,Comamonadaceae,genus,2.0,https://www.ebi.ac.uk/metagenomics/api/v1/annotations/organisms/Bacteria%253AProteobacteria%253ABetaproteobacteria%253ABurkholderiales%253AComamonadaceae%253ARamlibacter,Comamonadaceae,Ramlibacter,,MGYA00005318,33202.0,100.0,2384.0,7.180290344,2281.0,6.8700680682,2235.0,6.7325360725,90.0,0.2737309529,4.0,0.0128032776,,
95,organisms,Bacteria:Actinobacteria:Coriobacteriia:Coriobacteriales:Coriobacteriaceae:Collinsella,2,Bacteria:Actinobacteria:Coriobacteriia:Coriobacteriales:Coriobacteriaceae:Collinsella,Coriobacteriia,Actinobacteria,Bacteria,Coriobacteriales,Bacteria,Collinsella,Coriobacteriaceae,genus,2.0,https://www.ebi.ac.uk/metagenomics/api/v1/annotations/organisms/Bacteria%253AActinobacteria%253ACoriobacteriia%253ACoriobacteriales%253ACoriobacteriaceae%253ACollinsella,Coriobacteriaceae,Collinsella,,MGYA00005318,33202.0,100.0,23.0,0.0692729354,20.0,0.0602373351,20.0,0.0602464078,20.0,0.0608291006,16.0,0.0512131106,,
96,organisms,Bacteria:Bacteroidetes:Bacteroidia:Bacteroidales:S24-7,131,Bacteria:Bacteroidetes:Bacteroidia:Bacteroidales:S24-7,Bacteroidia,Bacteroidetes,Bacteria,Bacteroidales,Bacteria,S24-7,Bacteroidales,family,2.0,https://www.ebi.ac.uk/metagenomics/api/v1/annotations/organisms/Bacteria%253ABacteroidetes%253ABacteroidia%253ABacteroidales%253AS24-7,S24-7,,,MGYA00005318,33202.0,100.0,27517.0,82.8775374977,27516.0,82.874525631,27516.0,82.8870078622,131.0,0.3984306092,,,,
97,organisms,Bacteria:Proteobacteria:Gammaproteobacteria:Pasteurellales:Pasteurellaceae:Mannheimia,2,Bacteria:Proteobacteria:Gammaproteobacteria:Pasteurellales:Pasteurellaceae:Mannheimia,Gammaproteobacteria,Proteobacteria,Bacteria,Pasteurellales,Bacteria,Mannheimia,Pasteurellaceae,genus,2.0,https://www.ebi.ac.uk/metagenomics/api/v1/annotations/organisms/Bacteria%253AProteobacteria%253AGammaproteobacteria%253APasteurellales%253APasteurellaceae%253AMannheimia,Pasteurellaceae,Mannheimia,,MGYA00005318,33202.0,100.0,2384.0,7.180290344,96.0,0.2891392085,47.0,0.1415790583,47.0,0.1429483865,2.0,0.0064016388,,
98,organisms,Bacteria:Bacteroidetes:Bacteroidia:Bacteroidales:Bacteroidaceae:Bacteroides,17400,Bacteria:Bacteroidetes:Bacteroidia:Bacteroidales:Bacteroidaceae:Bacteroides,Bacteroidia,Bacteroidetes,Bacteria,Bacteroidales,Bacteria,Bacteroides,Bacteroidaceae,genus,2.0,https://www.ebi.ac.uk/metagenomics/api/v1/annotations/organisms/Bacteria%253ABacteroidetes%253ABacteroidia%253ABacteroidales%253ABacteroidaceae%253ABacteroides,Bacteroidaceae,Bacteroides,,MGYA00005318,33202.0,100.0,27517.0,82.8775374977,27516.0,82.874525631,27516.0,82.8870078622,18865.0,57.3770491803,18838.0,60.2970360412,,
99,organisms,Bacteria:Proteobacteria:Betaproteobacteria:Burkholderiales:Burkholderiaceae,3,Bacteria:Proteobacteria:Betaproteobacteria:Burkholderiales:Burkholderiaceae,Betaproteobacteria,Proteobacteria,Bacteria,Burkholderiales,Bacteria,Burkholderiaceae,Burkholderiales,family,2.0,https://www.ebi.ac.uk/metagenomics/api/v1/annotations/organisms/Bacteria%253AProteobacteria%253ABetaproteobacteria%253ABurkholderiales%253ABurkholderiaceae,Burkholderiaceae,,,MGYA00005318,33202.0,100.0,2384.0,7.180290344,2281.0,6.8700680682,2235.0,6.7325360725,10.0,0.0304145503,,,,
100,organisms,Bacteria:Proteobacteria:Gammaproteobacteria,3,Bacteria:Proteobacteria:Gammaproteobacteria,Gammaproteobacteria,Proteobacteria,Bacteria,,Bacteria,Gammaproteobacteria,Proteobacteria,class,2.0,https://www.ebi.ac.uk/metagenomics/api/v1/annotations/organisms/Bacteria%253AProteobacteria%253AGammaproteobacteria,,,,MGYA00005318,33202.0,100.0,2384.0,7.180290344,96.0,0.2891392085,,,,,,,,
101,organisms,Bacteria:Proteobacteria:Betaproteobacteria:Burkholderiales:Alcaligenaceae:Sutterella,2070,Bacteria:Proteobacteria:Betaproteobacteria:Burkholderiales:Alcaligenaceae:Sutterella,Betaproteobacteria,Proteobacteria,Bacteria,Burkholderiales,Bacteria,Sutterella,Alcaligenaceae,genus,2.0,https://www.ebi.ac.uk/metagenomics/api/v1/annotations/organisms/Bacteria%253AProteobacteria%253ABetaproteobacteria%253ABurkholderiales%253AAlcaligenaceae%253ASutterella,Alcaligenaceae,Sutterella,,MGYA00005318,33202.0,100.0,2384.0,7.180290344,2281.0,6.8700680682,2235.0,6.7325360725,2092.0,6.3627239271,2070.0,6.6256961782,,
102,organisms,Bacteria:Firmicutes:Clostridia:Clostridiales:Ruminococcaceae,154,Bacteria:Firmicutes:Clostridia:Clostridiales:Ruminococcaceae,Clostridia,Firmicutes,Bacteria,Clostridiales,Bacteria,Ruminococcaceae,Clostridiales,family,2.0,https://www.ebi.ac.uk/metagenomics/api/v1/annotations/organisms/Bacteria%253AFirmicutes%253AClostridia%253AClostridiales%253ARuminococcaceae,Ruminococcaceae,,,MGYA00005318,33202.0,100.0,3275.0,9.8638636227,3248.0,9.7825432203,3237.0,9.7508811037,237.0,0.7208248426,,,,
103,organisms,Bacteria:Firmicutes:Clostridia:Clostridiales:Clostridiaceae:Clostridium,6,Bacteria:Firmicutes:Clostridia:Clostridiales:Clostridiaceae:Clostridium,Clostridia,Firmicutes,Bacteria,Clostridiales,Bacteria,Clostridium,Clostridiaceae,genus,2.0,https://www.ebi.ac.uk/metagenomics/api/v1/annotations/organisms/Bacteria%253AFirmicutes%253AClostridia%253AClostridiales%253AClostridiaceae%253AClostridium,Clostridiaceae,Clostridium,,MGYA00005318,33202.0,100.0,3275.0,9.8638636227,3248.0,9.7825432203,3237.0,9.7508811037,157.0,0.47750844,15.0,0.0480122911,,
104,organisms,Bacteria:Bacteroidetes:Bacteroidia:Bacteroidales:Prevotellaceae:Prevotella,142,Bacteria:Bacteroidetes:Bacteroidia:Bacteroidales:Prevotellaceae:Prevotella,Bacteroidia,Bacteroidetes,Bacteria,Bacteroidales,Bacteria,Prevotella,Prevotellaceae,genus,2.0,https://www.ebi.ac.uk/metagenomics/api/v1/annotations/organisms/Bacteria%253ABacteroidetes%253ABacteroidia%253ABacteroidales%253APrevotellaceae%253APrevotella,Prevotellaceae,Prevotella,,MGYA00005318,33202.0,100.0,27517.0,82.8775374977,27516.0,82.874525631,27516.0,82.8870078622,5025.0,15.2833115362,5038.0,16.1257281864,,
105,organisms,Bacteria:Proteobacteria:Betaproteobacteria:Burkholderiales:Burkholderiaceae:Lautropia,7,Bacteria:Proteobacteria:Betaproteobacteria:Burkholderiales:Burkholderiaceae:Lautropia,Betaproteobacteria,Proteobacteria,Bacteria,Burkholderiales,Bacteria,Lautropia,Burkholderiaceae,genus,2.0,https://www.ebi.ac.uk/metagenomics/api/v1/annotations/organisms/Bacteria%253AProteobacteria%253ABetaproteobacteria%253ABurkholderiales%253ABurkholderiaceae%253ALautropia,Burkholderiaceae,Lautropia,,MGYA00005318,33202.0,100.0,2384.0,7.180290344,2281.0,6.8700680682,2235.0,6.7325360725,10.0,0.0304145503,7.0,0.0224057359,,
106,organisms,Bacteria:Bacteroidetes:Bacteroidia:Bacteroidales:Porphyromonadaceae:Parabacteroides:distasonis,1739,Bacteria:Bacteroidetes:Bacteroidia:Bacteroidales:Porphyromonadaceae:Parabacteroides:distasonis,Bacteroidia,Bacteroidetes,Bacteria,Bacteroidales,Bacteria,distasonis,Parabacteroides,species,2.0,https://www.ebi.ac.uk/metagenomics/api/v1/annotations/organisms/Bacteria%253ABacteroidetes%253ABacteroidia%253ABacteroidales%253APorphyromonadaceae%253AParabacteroides%253Adistasonis,Porphyromonadaceae,Parabacteroides,distasonis,MGYA00005318,33202.0,100.0,27517.0,82.8775374977,27516.0,82.874525631,27516.0,82.8870078622,3188.0,9.6961586423,2773.0,8.8758722233,1739.0,20.9140108238
107,organisms,Bacteria:Proteobacteria:Betaproteobacteria:Methylophilales:Methylophilaceae:Methylobacillus,2,Bacteria:Proteobacteria:Betaproteobacteria:Methylophilales:Methylophilaceae:Methylobacillus,Betaproteobacteria,Proteobacteria,Bacteria,Methylophilales,Bacteria,Methylobacillus,Methylophilaceae,genus,2.0,https://www.ebi.ac.uk/metagenomics/api/v1/annotations/organisms/Bacteria%253AProteobacteria%253ABetaproteobacteria%253AMethylophilales%253AMethylophilaceae%253AMethylobacillus,Methylophilaceae,Methylobacillus,,MGYA00005318,33202.0,100.0,2384.0,7.180290344,2281.0,6.8700680682,15.0,0.0451848059,3.0,0.0091243651,2.0,0.0064016388,,
108,organisms,Bacteria:Firmicutes:Clostridia:Clostridiales:Lachnospiraceae:Dorea:formicigenerans,4,Bacteria:Firmicutes:Clostridia:Clostridiales:Lachnospiraceae:Dorea:formicigenerans,Clostridia,Firmicutes,Bacteria,Clostridiales,Bacteria,formicigenerans,Dorea,species,2.0,https://www.ebi.ac.uk/metagenomics/api/v1/annotations/organisms/Bacteria%253AFirmicutes%253AClostridia%253AClostridiales%253ALachnospiraceae%253ADorea%253Aformicigenerans,Lachnospiraceae,Dorea,formicigenerans,MGYA00005318,33202.0,100.0,3275.0,9.8638636227,3248.0,9.7825432203,3237.0,9.7508811037,1996.0,6.070744244,101.0,0.3232827604,4.0,0.0481058328
109,organisms,Bacteria:Proteobacteria:Betaproteobacteria:Burkholderiales:Comamonadaceae:Limnohabitans,4,Bacteria:Proteobacteria:Betaproteobacteria:Burkholderiales:Comamonadaceae:Limnohabitans,Betaproteobacteria,Proteobacteria,Bacteria,Burkholderiales,Bacteria,Limnohabitans,Comamonadaceae,genus,2.0,https://www.ebi.ac.uk/metagenomics/api/v1/annotations/organisms/Bacteria%253AProteobacteria%253ABetaproteobacteria%253ABurkholderiales%253AComamonadaceae%253ALimnohabitans,Comamonadaceae,Limnohabitans,,MGYA00005318,33202.0,100.0,2384.0,7.180290344,2281.0,6.8700680682,2235.0,6.7325360725,90.0,0.2737309529,4.0,0.0128032776,,
110,organisms,Bacteria:Proteobacteria:Betaproteobacteria:Thiobacterales,1,Bacteria:Proteobacteria:Betaproteobacteria:Thiobacterales,Betaproteobacteria,Proteobacteria,Bacteria,Thiobacterales,Bacteria,Thiobacterales,Betaproteobacteria,order,2.0,https://www.ebi.ac.uk/metagenomics/api/v1/annotations/organisms/Bacteria%253AProteobacteria%253ABetaproteobacteria%253AThiobacterales,,,,MGYA00005318,33202.0,100.0,2384.0,7.180290344,2281.0,6.8700680682,1.0,0.0030123204,,,,,,
111,organisms,Bacteria:Proteobacteria:Betaproteobacteria:Burkholderiales:Comamonadaceae,75,Bacteria:Proteobacteria:Betaproteobacteria:Burkholderiales:Comamonadaceae,Betaproteobacteria,Proteobacteria,Bacteria,Burkholderiales,Bacteria,Comamonadaceae,Burkholderiales,family,2.0,https://www.ebi.ac.uk/metagenomics/api/v1/annotations/organisms/Bacteria%253AProteobacteria%253ABetaproteobacteria%253ABurkholderiales%253AComamonadaceae,Comamonadaceae,,,MGYA00005318,33202.0,100.0,2384.0,7.180290344,2281.0,6.8700680682,2235.0,6.7325360725,90.0,0.2737309529,,,,
112,organisms,Bacteria:Proteobacteria:Betaproteobacteria:Procabacteriales:Procabacteriaceae,3,Bacteria:Proteobacteria:Betaproteobacteria:Procabacteriales:Procabacteriaceae,Betaproteobacteria,Proteobacteria,Bacteria,Procabacteriales,Bacteria,Procabacteriaceae,Procabacteriales,family,2.0,https://www.ebi.ac.uk/metagenomics/api/v1/annotations/organisms/Bacteria%253AProteobacteria%253ABetaproteobacteria%253AProcabacteriales%253AProcabacteriaceae,Procabacteriaceae,,,MGYA00005318,33202.0,100.0,2384.0,7.180290344,2281.0,6.8700680682,3.0,0.0090369612,3.0,0.0091243651,,,,
113,organisms,Bacteria:Bacteroidetes:Bacteroidia:Bacteroidales:Porphyromonadaceae:Dysgonomonas,372,Bacteria:Bacteroidetes:Bacteroidia:Bacteroidales:Porphyromonadaceae:Dysgonomonas,Bacteroidia,Bacteroidetes,Bacteria,Bacteroidales,Bacteria,Dysgonomonas,Porphyromonadaceae,genus,2.0,https://www.ebi.ac.uk/metagenomics/api/v1/annotations/organisms/Bacteria%253ABacteroidetes%253ABacteroidia%253ABacteroidales%253APorphyromonadaceae%253ADysgonomonas,Porphyromonadaceae,Dysgonomonas,,MGYA00005318,33202.0,100.0,27517.0,82.8775374977,27516.0,82.874525631,27516.0,82.8870078622,3188.0,9.6961586423,372.0,1.1907048204,,
114,organisms,Bacteria:Bacteroidetes:Bacteroidia:Bacteroidales:Paraprevotellaceae:Paraprevotella,110,Bacteria:Bacteroidetes:Bacteroidia:Bacteroidales:Paraprevotellaceae:Paraprevotella,Bacteroidia,Bacteroidetes,Bacteria,Bacteroidales,Bacteria,Paraprevotella,Paraprevotellaceae,genus,2.0,https://www.ebi.ac.uk/metagenomics/api/v1/annotations/organisms/Bacteria%253ABacteroidetes%253ABacteroidia%253ABacteroidales%253AParaprevotellaceae%253AParaprevotella,Paraprevotellaceae,Paraprevotella,,MGYA00005318,33202.0,100.0,27517.0,82.8775374977,27516.0,82.874525631,27516.0,82.8870078622,132.0,0.4014720642,110.0,0.3520901351,,
115,organisms,Bacteria:Bacteroidetes:Bacteroidia:Bacteroidales:Porphyromonadaceae,17,Bacteria:Bacteroidetes:Bacteroidia:Bacteroidales:Porphyromonadaceae,Bacteroidia,Bacteroidetes,Bacteria,Bacteroidales,Bacteria,Porphyromonadaceae,Bacteroidales,family,2.0,https://www.ebi.ac.uk/metagenomics/api/v1/annotations/organisms/Bacteria%253ABacteroidetes%253ABacteroidia%253ABacteroidales%253APorphyromonadaceae,Porphyromonadaceae,,,MGYA00005318,33202.0,100.0,27517.0,82.8775374977,27516.0,82.874525631,27516.0,82.8870078622,3188.0,9.6961586423,,,,
116,organisms,Bacteria:Firmicutes:Clostridia:Clostridiales:Veillonellaceae:Phascolarctobacterium,2,Bacteria:Firmicutes:Clostridia:Clostridiales:Veillonellaceae:Phascolarctobacterium,Clostridia,Firmicutes,Bacteria,Clostridiales,Bacteria,Phascolarctobacterium,Veillonellaceae,genus,2.0,https://www.ebi.ac.uk/metagenomics/api/v1/annotations/organisms/Bacteria%253AFirmicutes%253AClostridia%253AClostridiales%253AVeillonellaceae%253APhascolarctobacterium,Veillonellaceae,Phascolarctobacterium,,MGYA00005318,33202.0,100.0,3275.0,9.8638636227,3248.0,9.7825432203,3237.0,9.7508811037,552.0,1.6788831777,2.0,0.0064016388,,
117,organisms,Bacteria:Proteobacteria:Betaproteobacteria:Methylophilales,12,Bacteria:Proteobacteria:Betaproteobacteria:Methylophilales,Betaproteobacteria,Proteobacteria,Bacteria,Methylophilales,Bacteria,Methylophilales,Betaproteobacteria,order,2.0,https://www.ebi.ac.uk/metagenomics/api/v1/annotations/organisms/Bacteria%253AProteobacteria%253ABetaproteobacteria%253AMethylophilales,,,,MGYA00005318,33202.0,100.0,2384.0,7.180290344,2281.0,6.8700680682,15.0,0.0451848059,,,,,,
118,organisms,Bacteria:Bacteroidetes:Bacteroidia:Bacteroidales:Paraprevotellaceae:Prevotella,13,Bacteria:Bacteroidetes:Bacteroidia:Bacteroidales:Paraprevotellaceae:Prevotella,Bacteroidia,Bacteroidetes,Bacteria,Bacteroidales,Bacteria,Prevotella,Paraprevotellaceae,genus,2.0,https://www.ebi.ac.uk/metagenomics/api/v1/annotations/organisms/Bacteria%253ABacteroidetes%253ABacteroidia%253ABacteroidales%253AParaprevotellaceae%253APrevotella,Paraprevotellaceae,Prevotella,,MGYA00005318,33202.0,100.0,27517.0,82.8775374977,27516.0,82.874525631,27516.0,82.8870078622,132.0,0.4014720642,5038.0,16.1257281864,,
119,organisms,Bacteria:Bacteroidetes:Bacteroidia:Bacteroidales:Odoribacteraceae:Butyricimonas,4,Bacteria:Bacteroidetes:Bacteroidia:Bacteroidales:Odoribacteraceae:Butyricimonas,Bacteroidia,Bacteroidetes,Bacteria,Bacteroidales,Bacteria,Butyricimonas,Odoribacteraceae,genus,2.0,https://www.ebi.ac.uk/metagenomics/api/v1/annotations/organisms/Bacteria%253ABacteroidetes%253ABacteroidia%253ABacteroidales%253AOdoribacteraceae%253AButyricimonas,Odoribacteraceae,Butyricimonas,,MGYA00005318,33202.0,100.0,27517.0,82.8775374977,27516.0,82.874525631,27516.0,82.8870078622,11.0,0.0334560054,4.0,0.0128032776,,
120,organisms,Bacteria:Actinobacteria:Coriobacteriia:Coriobacteriales:Coriobacteriaceae,4,Bacteria:Actinobacteria:Coriobacteriia:Coriobacteriales:Coriobacteriaceae,Coriobacteriia,Actinobacteria,Bacteria,Coriobacteriales,Bacteria,Coriobacteriaceae,Coriobacteriales,family,2.0,https://www.ebi.ac.uk/metagenomics/api/v1/annotations/organisms/Bacteria%253AActinobacteria%253ACoriobacteriia%253ACoriobacteriales%253ACoriobacteriaceae,Coriobacteriaceae,,,MGYA00005318,33202.0,100.0,23.0,0.0692729354,20.0,0.0602373351,20.0,0.0602464078,20.0,0.0608291006,,,,
121,organisms,Bacteria:Firmicutes:Erysipelotrichi:Erysipelotrichales:Erysipelotrichaceae:Eubacterium:dolichum,1,Bacteria:Firmicutes:Erysipelotrichi:Erysipelotrichales:Erysipelotrichaceae:Eubacterium:dolichum,Erysipelotrichi,Firmicutes,Bacteria,Erysipelotrichales,Bacteria,dolichum,Eubacterium,species,2.0,https://www.ebi.ac.uk/metagenomics/api/v1/annotations/organisms/Bacteria%253AFirmicutes%253AErysipelotrichi%253AErysipelotrichales%253AErysipelotrichaceae%253AEubacterium%253Adolichum,Erysipelotrichaceae,Eubacterium,dolichum,MGYA00005318,33202.0,100.0,3275.0,9.8638636227,11.0,0.0331305343,11.0,0.0331355243,11.0,0.0334560054,1.0,0.0032008194,1.0,0.0120264582
122,organisms,Bacteria:Firmicutes:Clostridia:Clostridiales:Lachnospiraceae:Butyrivibrio,18,Bacteria:Firmicutes:Clostridia:Clostridiales:Lachnospiraceae:Butyrivibrio,Clostridia,Firmicutes,Bacteria,Clostridiales,Bacteria,Butyrivibrio,Lachnospiraceae,genus,2.0,https://www.ebi.ac.uk/metagenomics/api/v1/annotations/organisms/Bacteria%253AFirmicutes%253AClostridia%253AClostridiales%253ALachnospiraceae%253AButyrivibrio,Lachnospiraceae,Butyrivibrio,,MGYA00005318,33202.0,100.0,3275.0,9.8638636227,3248.0,9.7825432203,3237.0,9.7508811037,1996.0,6.070744244,18.0,0.0576147494,,
123,organisms,Bacteria:Proteobacteria:Betaproteobacteria:Methylophilales:Methylophilaceae,1,Bacteria:Proteobacteria:Betaproteobacteria:Methylophilales:Methylophilaceae,Betaproteobacteria,Proteobacteria,Bacteria,Methylophilales,Bacteria,Methylophilaceae,Methylophilales,family,2.0,https://www.ebi.ac.uk/metagenomics/api/v1/annotations/organisms/Bacteria%253AProteobacteria%253ABetaproteobacteria%253AMethylophilales%253AMethylophilaceae,Methylophilaceae,,,MGYA00005318,33202.0,100.0,2384.0,7.180290344,2281.0,6.8700680682,15.0,0.0451848059,3.0,0.0091243651,,,,
124,organisms,Bacteria:Proteobacteria:Betaproteobacteria:SBla14,12,Bacteria:Proteobacteria:Betaproteobacteria:SBla14,Betaproteobacteria,Proteobacteria,Bacteria,SBla14,Bacteria,SBla14,Betaproteobacteria,order,2.0,https://www.ebi.ac.uk/metagenomics/api/v1/annotations/organisms/Bacteria%253AProteobacteria%253ABetaproteobacteria%253ASBla14,,,,MGYA00005318,33202.0,100.0,2384.0,7.180290344,2281.0,6.8700680682,12.0,0.0361478447,,,,,,
125,organisms,Bacteria:Firmicutes:Clostridia:Clostridiales:Clostridiaceae:Clostridium:gasigenes,1,Bacteria:Firmicutes:Clostridia:Clostridiales:Clostridiaceae:Clostridium:gasigenes,Clostridia,Firmicutes,Bacteria,Clostridiales,Bacteria,gasigenes,Clostridium,species,2.0,https://www.ebi.ac.uk/metagenomics/api/v1/annotations/organisms/Bacteria%253AFirmicutes%253AClostridia%253AClostridiales%253AClostridiaceae%253AClostridium%253Agasigenes,Clostridiaceae,Clostridium,gasigenes,MGYA00005318,33202.0,100.0,3275.0,9.8638636227,3248.0,9.7825432203,3237.0,9.7508811037,157.0,0.47750844,15.0,0.0480122911,1.0,0.0120264582
126,organisms,Bacteria:Firmicutes:Clostridia:Clostridiales:Lachnospiraceae:Lachnospira:pectinoschiza,5,Bacteria:Firmicutes:Clostridia:Clostridiales:Lachnospiraceae:Lachnospira:pectinoschiza,Clostridia,Firmicutes,Bacteria,Clostridiales,Bacteria,pectinoschiza,Lachnospira,species,2.0,https://www.ebi.ac.uk/metagenomics/api/v1/annotations/organisms/Bacteria%253AFirmicutes%253AClostridia%253AClostridiales%253ALachnospiraceae%253ALachnospira%253Apectinoschiza,Lachnospiraceae,Lachnospira,pectinoschiza,MGYA00005318,33202.0,100.0,3275.0,9.8638636227,3248.0,9.7825432203,3237.0,9.7508811037,1996.0,6.070744244,399.0,1.2771269445,5.0,0.060132291
127,organisms,Bacteria:Firmicutes:Clostridia:Clostridiales:Lachnospiraceae:Roseburia,85,Bacteria:Firmicutes:Clostridia:Clostridiales:Lachnospiraceae:Roseburia,Clostridia,Firmicutes,Bacteria,Clostridiales,Bacteria,Roseburia,Lachnospiraceae,genus,2.0,https://www.ebi.ac.uk/metagenomics/api/v1/annotations/organisms/Bacteria%253AFirmicutes%253AClostridia%253AClostridiales%253ALachnospiraceae%253ARoseburia,Lachnospiraceae,Roseburia,,MGYA00005318,33202.0,100.0,3275.0,9.8638636227,3248.0,9.7825432203,3237.0,9.7508811037,1996.0,6.070744244,92.0,0.2944753857,,
128,organisms,Bacteria:Firmicutes:Erysipelotrichi:Erysipelotrichales:Erysipelotrichaceae,8,Bacteria:Firmicutes:Erysipelotrichi:Erysipelotrichales:Erysipelotrichaceae,Erysipelotrichi,Firmicutes,Bacteria,Erysipelotrichales,Bacteria,Erysipelotrichaceae,Erysipelotrichales,family,2.0,https://www.ebi.ac.uk/metagenomics/api/v1/annotations/organisms/Bacteria%253AFirmicutes%253AErysipelotrichi%253AErysipelotrichales%253AErysipelotrichaceae,Erysipelotrichaceae,,,MGYA00005318,33202.0,100.0,3275.0,9.8638636227,11.0,0.0331305343,11.0,0.0331355243,11.0,0.0334560054,,,,
129,organisms,Bacteria:Firmicutes:Clostridia:Clostridiales:Lachnospiraceae:Lachnobacterium,2,Bacteria:Firmicutes:Clostridia:Clostridiales:Lachnospiraceae:Lachnobacterium,Clostridia,Firmicutes,Bacteria,Clostridiales,Bacteria,Lachnobacterium,Lachnospiraceae,genus,2.0,https://www.ebi.ac.uk/metagenomics/api/v1/annotations/organisms/Bacteria%253AFirmicutes%253AClostridia%253AClostridiales%253ALachnospiraceae%253ALachnobacterium,Lachnospiraceae,Lachnobacterium,,MGYA00005318,33202.0,100.0,3275.0,9.8638636227,3248.0,9.7825432203,3237.0,9.7508811037,1996.0,6.070744244,2.0,0.0064016388,,
130,organisms,Bacteria:Proteobacteria:Betaproteobacteria:SC-I-84,3,Bacteria:Proteobacteria:Betaproteobacteria:SC-I-84,Betaproteobacteria,Proteobacteria,Bacteria,SC-I-84,Bacteria,SC-I-84,Betaproteobacteria,order,2.0,https://www.ebi.ac.uk/metagenomics/api/v1/annotations/organisms/Bacteria%253AProteobacteria%253ABetaproteobacteria%253ASC-I-84,,,,MGYA00005318,33202.0,100.0,2384.0,7.180290344,2281.0,6.8700680682,3.0,0.0090369612,,,,,,
131,organisms,Bacteria:Firmicutes:Clostridia:Clostridiales:Lachnospiraceae:Ruminococcus:torques,3,Bacteria:Firmicutes:Clostridia:Clostridiales:Lachnospiraceae:Ruminococcus:torques,Clostridia,Firmicutes,Bacteria,Clostridiales,Bacteria,torques,Ruminococcus,species,2.0,https://www.ebi.ac.uk/metagenomics/api/v1/annotations/organisms/Bacteria%253AFirmicutes%253AClostridia%253AClostridiales%253ALachnospiraceae%253ARuminococcus%253Atorques,Lachnospiraceae,Ruminococcus,torques,MGYA00005318,33202.0,100.0,3275.0,9.8638636227,3248.0,9.7825432203,3237.0,9.7508811037,1996.0,6.070744244,115.0,0.3680942321,3.0,0.0360793746
132,organisms,Bacteria:Bacteroidetes:Bacteroidia:Bacteroidales,34,Bacteria:Bacteroidetes:Bacteroidia:Bacteroidales,Bacteroidia,Bacteroidetes,Bacteria,Bacteroidales,Bacteria,Bacteroidales,Bacteroidia,order,2.0,https://www.ebi.ac.uk/metagenomics/api/v1/annotations/organisms/Bacteria%253ABacteroidetes%253ABacteroidia%253ABacteroidales,,,,MGYA00005318,33202.0,100.0,27517.0,82.8775374977,27516.0,82.874525631,27516.0,82.8870078622,,,,,,
133,organisms,Bacteria:Bacteroidetes:Bacteroidia:Bacteroidales:Bacteroidaceae:Bacteroides:coprophilus,1,Bacteria:Bacteroidetes:Bacteroidia:Bacteroidales:Bacteroidaceae:Bacteroides:coprophilus,Bacteroidia,Bacteroidetes,Bacteria,Bacteroidales,Bacteria,coprophilus,Bacteroides,species,2.0,https://www.ebi.ac.uk/metagenomics/api/v1/annotations/organisms/Bacteria%253ABacteroidetes%253ABacteroidia%253ABacteroidales%253ABacteroidaceae%253ABacteroides%253Acoprophilus,Bacteroidaceae,Bacteroides,coprophilus,MGYA00005318,33202.0,100.0,27517.0,82.8775374977,27516.0,82.874525631,27516.0,82.8870078622,18865.0,57.3770491803,18838.0,60.2970360412,1.0,0.0120264582
134,organisms,Bacteria:Firmicutes:Bacilli:Lactobacillales:Streptococcaceae,1,Bacteria:Firmicutes:Bacilli:Lactobacillales:Streptococcaceae,Bacilli,Firmicutes,Bacteria,Lactobacillales,Bacteria,Streptococcaceae,Lactobacillales,family,2.0,https://www.ebi.ac.uk/metagenomics/api/v1/annotations/organisms/Bacteria%253AFirmicutes%253ABacilli%253ALactobacillales%253AStreptococcaceae,Streptococcaceae,,,MGYA00005318,33202.0,100.0,3275.0,9.8638636227,16.0,0.0481898681,10.0,0.0301232039,10.0,0.0304145503,,,,
135,organisms,Bacteria:Proteobacteria:Gammaproteobacteria:Pasteurellales:Pasteurellaceae,4,Bacteria:Proteobacteria:Gammaproteobacteria:Pasteurellales:Pasteurellaceae,Gammaproteobacteria,Proteobacteria,Bacteria,Pasteurellales,Bacteria,Pasteurellaceae,Pasteurellales,family,2.0,https://www.ebi.ac.uk/metagenomics/api/v1/annotations/organisms/Bacteria%253AProteobacteria%253AGammaproteobacteria%253APasteurellales%253APasteurellaceae,Pasteurellaceae,,,MGYA00005318,33202.0,100.0,2384.0,7.180290344,96.0,0.2891392085,47.0,0.1415790583,47.0,0.1429483865,,,,
136,organisms,Bacteria:Firmicutes:Clostridia:Clostridiales:Lachnospiraceae:Shuttleworthia:satelles,1,Bacteria:Firmicutes:Clostridia:Clostridiales:Lachnospiraceae:Shuttleworthia:satelles,Clostridia,Firmicutes,Bacteria,Clostridiales,Bacteria,satelles,Shuttleworthia,species,2.0,https://www.ebi.ac.uk/metagenomics/api/v1/annotations/organisms/Bacteria%253AFirmicutes%253AClostridia%253AClostridiales%253ALachnospiraceae%253AShuttleworthia%253Asatelles,Lachnospiraceae,Shuttleworthia,satelles,MGYA00005318,33202.0,100.0,3275.0,9.8638636227,3248.0,9.7825432203,3237.0,9.7508811037,1996.0,6.070744244,4.0,0.0128032776,1.0,0.0120264582
137,organisms,Bacteria:Bacteroidetes:Bacteroidia:Bacteroidales:Bacteroidaceae:5-7N15,26,Bacteria:Bacteroidetes:Bacteroidia:Bacteroidales:Bacteroidaceae:5-7N15,Bacteroidia,Bacteroidetes,Bacteria,Bacteroidales,Bacteria,5-7N15,Bacteroidaceae,genus,2.0,https://www.ebi.ac.uk/metagenomics/api/v1/annotations/organisms/Bacteria%253ABacteroidetes%253ABacteroidia%253ABacteroidales%253ABacteroidaceae%253A5-7N15,Bacteroidaceae,5-7N15,,MGYA00005318,33202.0,100.0,27517.0,82.8775374977,27516.0,82.874525631,27516.0,82.8870078622,18865.0,57.3770491803,26.0,0.0832213047,,
138,organisms,Bacteria:Bacteroidetes:Bacteroidia:Bacteroidales:Porphyromonadaceae:Parabacteroides,1029,Bacteria:Bacteroidetes:Bacteroidia:Bacteroidales:Porphyromonadaceae:Parabacteroides,Bacteroidia,Bacteroidetes,Bacteria,Bacteroidales,Bacteria,Parabacteroides,Porphyromonadaceae,genus,2.0,https://www.ebi.ac.uk/metagenomics/api/v1/annotations/organisms/Bacteria%253ABacteroidetes%253ABacteroidia%253ABacteroidales%253APorphyromonadaceae%253AParabacteroides,Porphyromonadaceae,Parabacteroides,,MGYA00005318,33202.0,100.0,27517.0,82.8775374977,27516.0,82.874525631,27516.0,82.8870078622,3188.0,9.6961586423,2773.0,8.8758722233,,
139,organisms,Bacteria:Bacteroidetes:Bacteroidia:Bacteroidales:Bacteroidaceae:Bacteroides:ovatus,405,Bacteria:Bacteroidetes:Bacteroidia:Bacteroidales:Bacteroidaceae:Bacteroides:ovatus,Bacteroidia,Bacteroidetes,Bacteria,Bacteroidales,Bacteria,ovatus,Bacteroides,species,2.0,https://www.ebi.ac.uk/metagenomics/api/v1/annotations/organisms/Bacteria%253ABacteroidetes%253ABacteroidia%253ABacteroidales%253ABacteroidaceae%253ABacteroides%253Aovatus,Bacteroidaceae,Bacteroides,ovatus,MGYA00005318,33202.0,100.0,27517.0,82.8775374977,27516.0,82.874525631,27516.0,82.8870078622,18865.0,57.3770491803,18838.0,60.2970360412,405.0,4.8707155743
140,organisms,Bacteria:Firmicutes:Clostridia:Clostridiales:Ruminococcaceae:Faecalibacterium:prausnitzii,14,Bacteria:Firmicutes:Clostridia:Clostridiales:Ruminococcaceae:Faecalibacterium:prausnitzii,Clostridia,Firmicutes,Bacteria,Clostridiales,Bacteria,prausnitzii,Faecalibacterium,species,2.0,https://www.ebi.ac.uk/metagenomics/api/v1/annotations/organisms/Bacteria%253AFirmicutes%253AClostridia%253AClostridiales%253ARuminococcaceae%253AFaecalibacterium%253Aprausnitzii,Ruminococcaceae,Faecalibacterium,prausnitzii,MGYA00005318,33202.0,100.0,3275.0,9.8638636227,3248.0,9.7825432203,3237.0,9.7508811037,237.0,0.7208248426,14.0,0.0448114717,14.0,0.1683704149
141,organisms,Bacteria:Proteobacteria:Gammaproteobacteria:Enterobacteriales:Enterobacteriaceae:Klebsiella,1,Bacteria:Proteobacteria:Gammaproteobacteria:Enterobacteriales:Enterobacteriaceae:Klebsiella,Gammaproteobacteria,Proteobacteria,Bacteria,Enterobacteriales,Bacteria,Klebsiella,Enterobacteriaceae,genus,2.0,https://www.ebi.ac.uk/metagenomics/api/v1/annotations/organisms/Bacteria%253AProteobacteria%253AGammaproteobacteria%253AEnterobacteriales%253AEnterobacteriaceae%253AKlebsiella,Enterobacteriaceae,Klebsiella,,MGYA00005318,33202.0,100.0,2384.0,7.180290344,96.0,0.2891392085,9.0,0.0271108835,9.0,0.0273730953,1.0,0.0032008194,,
142,organisms,Bacteria:Firmicutes:Clostridia:Clostridiales:Lachnospiraceae:Marvinbryantia:formatexigens,1,Bacteria:Firmicutes:Clostridia:Clostridiales:Lachnospiraceae:Marvinbryantia:formatexigens,Clostridia,Firmicutes,Bacteria,Clostridiales,Bacteria,formatexigens,Marvinbryantia,species,2.0,https://www.ebi.ac.uk/metagenomics/api/v1/annotations/organisms/Bacteria%253AFirmicutes%253AClostridia%253AClostridiales%253ALachnospiraceae%253AMarvinbryantia%253Aformatexigens,Lachnospiraceae,Marvinbryantia,formatexigens,MGYA00005318,33202.0,100.0,3275.0,9.8638636227,3248.0,9.7825432203,3237.0,9.7508811037,1996.0,6.070744244,1.0,0.0032008194,1.0,0.0120264582
143,organisms,Bacteria:Proteobacteria:Gammaproteobacteria:Enterobacteriales:Enterobacteriaceae,6,Bacteria:Proteobacteria:Gammaproteobacteria:Enterobacteriales:Enterobacteriaceae,Gammaproteobacteria,Proteobacteria,Bacteria,Enterobacteriales,Bacteria,Enterobacteriaceae,Enterobacteriales,family,2.0,https://www.ebi.ac.uk/metagenomics/api/v1/annotations/organisms/Bacteria%253AProteobacteria%253AGammaproteobacteria%253AEnterobacteriales%253AEnterobacteriaceae,Enterobacteriaceae,,,MGYA00005318,33202.0,100.0,2384.0,7.180290344,96.0,0.2891392085,9.0,0.0271108835,9.0,0.0273730953,,,,
144,organisms,Bacteria:Actinobacteria:Coriobacteriia:Coriobacteriales:Coriobacteriaceae:Collinsella:stercoris,1,Bacteria:Actinobacteria:Coriobacteriia:Coriobacteriales:Coriobacteriaceae:Collinsella:stercoris,Coriobacteriia,Actinobacteria,Bacteria,Coriobacteriales,Bacteria,stercoris,Collinsella,species,2.0,https://www.ebi.ac.uk/metagenomics/api/v1/annotations/organisms/Bacteria%253AActinobacteria%253ACoriobacteriia%253ACoriobacteriales%253ACoriobacteriaceae%253ACollinsella%253Astercoris,Coriobacteriaceae,Collinsella,stercoris,MGYA00005318,33202.0,100.0,23.0,0.0692729354,20.0,0.0602373351,20.0,0.0602464078,20.0,0.0608291006,16.0,0.0512131106,1.0,0.0120264582
145,organisms,Bacteria:Firmicutes:Clostridia:Clostridiales:Lachnospiraceae:Coprococcus,129,Bacteria:Firmicutes:Clostridia:Clostridiales:Lachnospiraceae:Coprococcus,Clostridia,Firmicutes,Bacteria,Clostridiales,Bacteria,Coprococcus,Lachnospiraceae,genus,2.0,https://www.ebi.ac.uk/metagenomics/api/v1/annotations/organisms/Bacteria%253AFirmicutes%253AClostridia%253AClostridiales%253ALachnospiraceae%253ACoprococcus,Lachnospiraceae,Coprococcus,,MGYA00005318,33202.0,100.0,3275.0,9.8638636227,3248.0,9.7825432203,3237.0,9.7508811037,1996.0,6.070744244,129.0,0.4129057039,,
146,organisms,Bacteria:Firmicutes:Clostridia:Clostridiales:Clostridiaceae,57,Bacteria:Firmicutes:Clostridia:Clostridiales:Clostridiaceae,Clostridia,Firmicutes,Bacteria,Clostridiales,Bacteria,Clostridiaceae,Clostridiales,family,2.0,https://www.ebi.ac.uk/metagenomics/api/v1/annotations/organisms/Bacteria%253AFirmicutes%253AClostridia%253AClostridiales%253AClostridiaceae,Clostridiaceae,,,MGYA00005318,33202.0,100.0,3275.0,9.8638636227,3248.0,9.7825432203,3237.0,9.7508811037,157.0,0.47750844,,,,
147,organisms,Bacteria:Proteobacteria:Betaproteobacteria:Burkholderiales:Oxalobacteraceae:Janthinobacterium:lividum,1,Bacteria:Proteobacteria:Betaproteobacteria:Burkholderiales:Oxalobacteraceae:Janthinobacterium:lividum,Betaproteobacteria,Proteobacteria,Bacteria,Burkholderiales,Bacteria,lividum,Janthinobacterium,species,2.0,https://www.ebi.ac.uk/metagenomics/api/v1/annotations/organisms/Bacteria%253AProteobacteria%253ABetaproteobacteria%253ABurkholderiales%253AOxalobacteraceae%253AJanthinobacterium%253Alividum,Oxalobacteraceae,Janthinobacterium,lividum,MGYA00005318,33202.0,100.0,2384.0,7.180290344,2281.0,6.8700680682,2235.0,6.7325360725,37.0,0.1125338362,1.0,0.0032008194,1.0,0.0120264582
148,organisms,Bacteria:Firmicutes:Clostridia:Clostridiales:Veillonellaceae,40,Bacteria:Firmicutes:Clostridia:Clostridiales:Veillonellaceae,Clostridia,Firmicutes,Bacteria,Clostridiales,Bacteria,Veillonellaceae,Clostridiales,family,2.0,https://www.ebi.ac.uk/metagenomics/api/v1/annotations/organisms/Bacteria%253AFirmicutes%253AClostridia%253AClostridiales%253AVeillonellaceae,Veillonellaceae,,,MGYA00005318,33202.0,100.0,3275.0,9.8638636227,3248.0,9.7825432203,3237.0,9.7508811037,552.0,1.6788831777,,,,
149,organisms,Bacteria:Chlorobi:Ignavibacteria:Ignavibacteriales,1,Bacteria:Chlorobi:Ignavibacteria:Ignavibacteriales,Ignavibacteria,Chlorobi,Bacteria,Ignavibacteriales,Bacteria,Ignavibacteriales,Ignavibacteria,order,2.0,https://www.ebi.ac.uk/metagenomics/api/v1/annotations/organisms/Bacteria%253AChlorobi%253AIgnavibacteria%253AIgnavibacteriales,,,,MGYA00005318,33202.0,100.0,1.0,0.0030118668,1.0,0.0030118668,1.0,0.0030123204,,,,,,
