,type,id,attributes_count,attributes.lineage,attributes.hierarchy.class,attributes.hierarchy.phylum,attributes.hierarchy.order,attributes.hierarchy.kingdom,attributes.hierarchy.family,attributes.hierarchy.genus,attributes.domain,attributes.name,attributes.parent,attributes.rank,attributes.pipeline-version,links.self,attributes.hierarchy.species,Sample_id,attributes.domain_count,attributes.domain_relative_abundance,attributes.hierarchy.phylum_count,attributes.hierarchy.phylum_relative_abundance,attributes.hierarchy.class_count,attributes.hierarchy.class_relative_abundance,attributes.hierarchy.order_count,attributes.hierarchy.order_relative_abundance,attributes.hierarchy.family_count,attributes.hierarchy.family_relative_abundance,attributes.hierarchy.genus_count,attributes.hierarchy.genus_relative_abundance,attributes.hierarchy.species_count,attributes.hierarchy.species_relative_abundance
0,organisms,Bacteria:Firmicutes:Clostridia:Clostridiales:Lachnospiraceae:Anaerostipes,24,Bacteria:Firmicutes:Clostridia:Clostridiales:Lachnospiraceae:Anaerostipes,Clostridia,Firmicutes,Clostridiales,Bacteria,Lachnospiraceae,Anaerostipes,Bacteria,Anaerostipes,Lachnospiraceae,genus,2.0,https://www.ebi.ac.uk/metagenomics/api/v1/annotations/organisms/Bacteria%253AFirmicutes%253AClostridia%253AClostridiales%253ALachnospiraceae%253AAnaerostipes,,MGYA00005308,8858.0,99.9887120442,7793.0,87.9670391692,7363.0,83.1226010386,7358.0,83.0755334763,3262.0,40.7037684053,24.0,0.447177194,,
1,organisms,Bacteria:Spirochaetes:Spirochaetes:Spirochaetales:Spirochaetaceae:Treponema,1,Bacteria:Spirochaetes:Spirochaetes:Spirochaetales:Spirochaetaceae:Treponema,Spirochaetes,Spirochaetes,Spirochaetales,Bacteria,Spirochaetaceae,Treponema,Bacteria,Treponema,Spirochaetaceae,genus,2.0,https://www.ebi.ac.uk/metagenomics/api/v1/annotations/organisms/Bacteria%253ASpirochaetes%253ASpirochaetes%253ASpirochaetales%253ASpirochaetaceae%253ATreponema,,MGYA00005308,8858.0,99.9887120442,1.0,0.0112879558,1.0,0.0112892301,1.0,0.0112905047,1.0,0.0124781632,1.0,0.0186323831,,
2,organisms,Bacteria:Firmicutes:Clostridia:Clostridiales:Acidaminobacteraceae:Fusibacter,3,Bacteria:Firmicutes:Clostridia:Clostridiales:Acidaminobacteraceae:Fusibacter,Clostridia,Firmicutes,Clostridiales,Bacteria,Acidaminobacteraceae,Fusibacter,Bacteria,Fusibacter,Acidaminobacteraceae,genus,2.0,https://www.ebi.ac.uk/metagenomics/api/v1/annotations/organisms/Bacteria%253AFirmicutes%253AClostridia%253AClostridiales%253AAcidaminobacteraceae%253AFusibacter,,MGYA00005308,8858.0,99.9887120442,7793.0,87.9670391692,7363.0,83.1226010386,7358.0,83.0755334763,3.0,0.0374344896,3.0,0.0558971492,,
3,organisms,Bacteria:Firmicutes:Clostridia:Clostridiales:Lachnospiraceae:Oribacterium,2,Bacteria:Firmicutes:Clostridia:Clostridiales:Lachnospiraceae:Oribacterium,Clostridia,Firmicutes,Clostridiales,Bacteria,Lachnospiraceae,Oribacterium,Bacteria,Oribacterium,Lachnospiraceae,genus,2.0,https://www.ebi.ac.uk/metagenomics/api/v1/annotations/organisms/Bacteria%253AFirmicutes%253AClostridia%253AClostridiales%253ALachnospiraceae%253AOribacterium,,MGYA00005308,8858.0,99.9887120442,7793.0,87.9670391692,7363.0,83.1226010386,7358.0,83.0755334763,3262.0,40.7037684053,2.0,0.0372647662,,
4,organisms,Bacteria:Firmicutes:Clostridia:Clostridiales:Clostridiaceae:SMB53,74,Bacteria:Firmicutes:Clostridia:Clostridiales:Clostridiaceae:SMB53,Clostridia,Firmicutes,Clostridiales,Bacteria,Clostridiaceae,SMB53,Bacteria,SMB53,Clostridiaceae,genus,2.0,https://www.ebi.ac.uk/metagenomics/api/v1/annotations/organisms/Bacteria%253AFirmicutes%253AClostridia%253AClostridiales%253AClostridiaceae%253ASMB53,,MGYA00005308,8858.0,99.9887120442,7793.0,87.9670391692,7363.0,83.1226010386,7358.0,83.0755334763,165.0,2.0588969304,74.0,1.3787963481,,
5,organisms,Bacteria:Bacteroidetes:Bacteroidia:Bacteroidales:Paraprevotellaceae:YRC22,1,Bacteria:Bacteroidetes:Bacteroidia:Bacteroidales:Paraprevotellaceae:YRC22,Bacteroidia,Bacteroidetes,Bacteroidales,Bacteria,Paraprevotellaceae,YRC22,Bacteria,YRC22,Paraprevotellaceae,genus,2.0,https://www.ebi.ac.uk/metagenomics/api/v1/annotations/organisms/Bacteria%253ABacteroidetes%253ABacteroidia%253ABacteroidales%253AParaprevotellaceae%253AYRC22,,MGYA00005308,8858.0,99.9887120442,871.0,9.8318094593,871.0,9.8329193949,871.0,9.8340295811,37.0,0.4616920389,1.0,0.0186323831,,
6,organisms,Bacteria:Firmicutes:Bacilli:Turicibacterales:Turicibacteraceae:Turicibacter,136,Bacteria:Firmicutes:Bacilli:Turicibacterales:Turicibacteraceae:Turicibacter,Bacilli,Firmicutes,Turicibacterales,Bacteria,Turicibacteraceae,Turicibacter,Bacteria,Turicibacter,Turicibacteraceae,genus,2.0,https://www.ebi.ac.uk/metagenomics/api/v1/annotations/organisms/Bacteria%253AFirmicutes%253ABacilli%253ATuricibacterales%253ATuricibacteraceae%253ATuricibacter,,MGYA00005308,8858.0,99.9887120442,7793.0,87.9670391692,336.0,3.793181305,136.0,1.5355086372,136.0,1.6970301972,136.0,2.5340040991,,
7,organisms,Bacteria:Actinobacteria:Actinobacteria:Bifidobacteriales:Bifidobacteriaceae,2,Bacteria:Actinobacteria:Actinobacteria:Bifidobacteriales:Bifidobacteriaceae,Actinobacteria,Actinobacteria,Bifidobacteriales,Bacteria,Bifidobacteriaceae,,Bacteria,Bifidobacteriaceae,Bifidobacteriales,family,2.0,https://www.ebi.ac.uk/metagenomics/api/v1/annotations/organisms/Bacteria%253AActinobacteria%253AActinobacteria%253ABifidobacteriales%253ABifidobacteriaceae,,MGYA00005308,8858.0,99.9887120442,128.0,1.4448583362,44.0,0.4967261233,39.0,0.4403296827,39.0,0.4866483654,,,,
8,organisms,Bacteria:Firmicutes:Clostridia:Clostridiales:Veillonellaceae:Anaerovibrio,3,Bacteria:Firmicutes:Clostridia:Clostridiales:Veillonellaceae:Anaerovibrio,Clostridia,Firmicutes,Clostridiales,Bacteria,Veillonellaceae,Anaerovibrio,Bacteria,Anaerovibrio,Veillonellaceae,genus,2.0,https://www.ebi.ac.uk/metagenomics/api/v1/annotations/organisms/Bacteria%253AFirmicutes%253AClostridia%253AClostridiales%253AVeillonellaceae%253AAnaerovibrio,,MGYA00005308,8858.0,99.9887120442,7793.0,87.9670391692,7363.0,83.1226010386,7358.0,83.0755334763,848.0,10.5814824058,3.0,0.0558971492,,
9,organisms,Bacteria:Firmicutes:Clostridia:Clostridiales:Lachnospiraceae:Ruminococcus:gnavus,67,Bacteria:Firmicutes:Clostridia:Clostridiales:Lachnospiraceae:Ruminococcus:gnavus,Clostridia,Firmicutes,Clostridiales,Bacteria,Lachnospiraceae,Ruminococcus,Bacteria,gnavus,Ruminococcus,species,2.0,https://www.ebi.ac.uk/metagenomics/api/v1/annotations/organisms/Bacteria%253AFirmicutes%253AClostridia%253AClostridiales%253ALachnospiraceae%253ARuminococcus%253Agnavus,gnavus,MGYA00005308,8858.0,99.9887120442,7793.0,87.9670391692,7363.0,83.1226010386,7358.0,83.0755334763,3262.0,40.7037684053,310.0,5.7760387554,67.0,4.5057162071
10,organisms,Bacteria:Firmicutes:Clostridia:Clostridiales:Veillonellaceae:Succiniclasticum,16,Bacteria:Firmicutes:Clostridia:Clostridiales:Veillonellaceae:Succiniclasticum,Clostridia,Firmicutes,Clostridiales,Bacteria,Veillonellaceae,Succiniclasticum,Bacteria,Succiniclasticum,Veillonellaceae,genus,2.0,https://www.ebi.ac.uk/metagenomics/api/v1/annotations/organisms/Bacteria%253AFirmicutes%253AClostridia%253AClostridiales%253AVeillonellaceae%253ASucciniclasticum,,MGYA00005308,8858.0,99.9887120442,7793.0,87.9670391692,7363.0,83.1226010386,7358.0,83.0755334763,848.0,10.5814824058,16.0,0.2981181293,,
11,organisms,Bacteria:Bacteroidetes:Bacteroidia:Bacteroidales:Bacteroidaceae:Bacteroides:eggerthii,1,Bacteria:Bacteroidetes:Bacteroidia:Bacteroidales:Bacteroidaceae:Bacteroides:eggerthii,Bacteroidia,Bacteroidetes,Bacteroidales,Bacteria,Bacteroidaceae,Bacteroides,Bacteria,eggerthii,Bacteroides,species,2.0,https://www.ebi.ac.uk/metagenomics/api/v1/annotations/organisms/Bacteria%253ABacteroidetes%253ABacteroidia%253ABacteroidales%253ABacteroidaceae%253ABacteroides%253Aeggerthii,eggerthii,MGYA00005308,8858.0,99.9887120442,871.0,9.8318094593,871.0,9.8329193949,871.0,9.8340295811,291.0,3.6311454954,290.0,5.4033910937,1.0,0.0672494956
12,organisms,Bacteria:Actinobacteria:Actinobacteria:Actinomycetales:Corynebacteriaceae:Corynebacterium,1,Bacteria:Actinobacteria:Actinobacteria:Actinomycetales:Corynebacteriaceae:Corynebacterium,Actinobacteria,Actinobacteria,Actinomycetales,Bacteria,Corynebacteriaceae,Corynebacterium,Bacteria,Corynebacterium,Corynebacteriaceae,genus,2.0,https://www.ebi.ac.uk/metagenomics/api/v1/annotations/organisms/Bacteria%253AActinobacteria%253AActinobacteria%253AActinomycetales%253ACorynebacteriaceae%253ACorynebacterium,,MGYA00005308,8858.0,99.9887120442,128.0,1.4448583362,44.0,0.4967261233,5.0,0.0564525234,1.0,0.0124781632,1.0,0.0186323831,,
13,organisms,Bacteria:Synergistetes:Synergistia:Synergistales,1,Bacteria:Synergistetes:Synergistia:Synergistales,Synergistia,Synergistetes,Synergistales,Bacteria,,,Bacteria,Synergistales,Synergistia,order,2.0,https://www.ebi.ac.uk/metagenomics/api/v1/annotations/organisms/Bacteria%253ASynergistetes%253ASynergistia%253ASynergistales,,MGYA00005308,8858.0,99.9887120442,1.0,0.0112879558,1.0,0.0112892301,1.0,0.0112905047,,,,,,
14,organisms,Bacteria:Proteobacteria:Gammaproteobacteria:Enterobacteriales:Enterobacteriaceae:Klebsiella:oxytoca,1,Bacteria:Proteobacteria:Gammaproteobacteria:Enterobacteriales:Enterobacteriaceae:Klebsiella:oxytoca,Gammaproteobacteria,Proteobacteria,Enterobacteriales,Bacteria,Enterobacteriaceae,Klebsiella,Bacteria,oxytoca,Klebsiella,species,2.0,https://www.ebi.ac.uk/metagenomics/api/v1/annotations/organisms/Bacteria%253AProteobacteria%253AGammaproteobacteria%253AEnterobacteriales%253AEnterobacteriaceae%253AKlebsiella%253Aoxytoca,oxytoca,MGYA00005308,8858.0,99.9887120442,52.0,0.5869736991,24.0,0.2709415218,10.0,0.1129050469,10.0,0.1247816321,1.0,0.0186323831,1.0,0.0672494956
15,organisms,Bacteria:Firmicutes:Clostridia:Clostridiales:Veillonellaceae:Veillonella:dispar,3,Bacteria:Firmicutes:Clostridia:Clostridiales:Veillonellaceae:Veillonella:dispar,Clostridia,Firmicutes,Clostridiales,Bacteria,Veillonellaceae,Veillonella,Bacteria,dispar,Veillonella,species,2.0,https://www.ebi.ac.uk/metagenomics/api/v1/annotations/organisms/Bacteria%253AFirmicutes%253AClostridia%253AClostridiales%253AVeillonellaceae%253AVeillonella%253Adispar,dispar,MGYA00005308,8858.0,99.9887120442,7793.0,87.9670391692,7363.0,83.1226010386,7358.0,83.0755334763,848.0,10.5814824058,7.0,0.1304266816,3.0,0.2017484869
16,organisms,Bacteria:Firmicutes:Clostridia:Clostridiales:Lachnospiraceae:Shuttleworthia,4,Bacteria:Firmicutes:Clostridia:Clostridiales:Lachnospiraceae:Shuttleworthia,Clostridia,Firmicutes,Clostridiales,Bacteria,Lachnospiraceae,Shuttleworthia,Bacteria,Shuttleworthia,Lachnospiraceae,genus,2.0,https://www.ebi.ac.uk/metagenomics/api/v1/annotations/organisms/Bacteria%253AFirmicutes%253AClostridia%253AClostridiales%253ALachnospiraceae%253AShuttleworthia,,MGYA00005308,8858.0,99.9887120442,7793.0,87.9670391692,7363.0,83.1226010386,7358.0,83.0755334763,3262.0,40.7037684053,29.0,0.5403391094,,
17,organisms,Bacteria:Bacteroidetes:Bacteroidia:Bacteroidales:Prevotellaceae:Prevotella:nanceiensis,1,Bacteria:Bacteroidetes:Bacteroidia:Bacteroidales:Prevotellaceae:Prevotella:nanceiensis,Bacteroidia,Bacteroidetes,Bacteroidales,Bacteria,Prevotellaceae,Prevotella,Bacteria,nanceiensis,Prevotella,species,2.0,https://www.ebi.ac.uk/metagenomics/api/v1/annotations/organisms/Bacteria%253ABacteroidetes%253ABacteroidia%253ABacteroidales%253APrevotellaceae%253APrevotella%253Ananceiensis,nanceiensis,MGYA00005308,8858.0,99.9887120442,871.0,9.8318094593,871.0,9.8329193949,871.0,9.8340295811,485.0,6.051909159,495.0,9.2230296255,1.0,0.0672494956
18,organisms,Bacteria:Bacteroidetes:Bacteroidia:Bacteroidales:Prevotellaceae,1,Bacteria:Bacteroidetes:Bacteroidia:Bacteroidales:Prevotellaceae,Bacteroidia,Bacteroidetes,Bacteroidales,Bacteria,Prevotellaceae,,Bacteria,Prevotellaceae,Bacteroidales,family,2.0,https://www.ebi.ac.uk/metagenomics/api/v1/annotations/organisms/Bacteria%253ABacteroidetes%253ABacteroidia%253ABacteroidales%253APrevotellaceae,,MGYA00005308,8858.0,99.9887120442,871.0,9.8318094593,871.0,9.8329193949,871.0,9.8340295811,485.0,6.051909159,,,,
19,organisms,Bacteria:Firmicutes:Bacilli:Gemellales:Gemellaceae,5,Bacteria:Firmicutes:Bacilli:Gemellales:Gemellaceae,Bacilli,Firmicutes,Gemellales,Bacteria,Gemellaceae,,Bacteria,Gemellaceae,Gemellales,family,2.0,https://www.ebi.ac.uk/metagenomics/api/v1/annotations/organisms/Bacteria%253AFirmicutes%253ABacilli%253AGemellales%253AGemellaceae,,MGYA00005308,8858.0,99.9887120442,7793.0,87.9670391692,336.0,3.793181305,9.0,0.1016145422,8.0,0.0998253057,,,,
20,organisms,Bacteria:Firmicutes:Erysipelotrichi:Erysipelotrichales:Erysipelotrichaceae:Eubacterium:biforme,4,Bacteria:Firmicutes:Erysipelotrichi:Erysipelotrichales:Erysipelotrichaceae:Eubacterium:biforme,Erysipelotrichi,Firmicutes,Erysipelotrichales,Bacteria,Erysipelotrichaceae,Eubacterium,Bacteria,biforme,Eubacterium,species,2.0,https://www.ebi.ac.uk/metagenomics/api/v1/annotations/organisms/Bacteria%253AFirmicutes%253AErysipelotrichi%253AErysipelotrichales%253AErysipelotrichaceae%253AEubacterium%253Abiforme,biforme,MGYA00005308,8858.0,99.9887120442,7793.0,87.9670391692,94.0,1.061187627,94.0,1.0613074404,94.0,1.1729473422,4.0,0.0745295323,4.0,0.2689979825
21,organisms,Bacteria:Bacteroidetes:Bacteroidia:Bacteroidales:Prevotellaceae:Prevotella:copri,422,Bacteria:Bacteroidetes:Bacteroidia:Bacteroidales:Prevotellaceae:Prevotella:copri,Bacteroidia,Bacteroidetes,Bacteroidales,Bacteria,Prevotellaceae,Prevotella,Bacteria,copri,Prevotella,species,2.0,https://www.ebi.ac.uk/metagenomics/api/v1/annotations/organisms/Bacteria%253ABacteroidetes%253ABacteroidia%253ABacteroidales%253APrevotellaceae%253APrevotella%253Acopri,copri,MGYA00005308,8858.0,99.9887120442,871.0,9.8318094593,871.0,9.8329193949,871.0,9.8340295811,485.0,6.051909159,495.0,9.2230296255,422.0,28.3792871553
22,organisms,Bacteria:Firmicutes:Bacilli:Gemellales:Gemellaceae:Gemella,3,Bacteria:Firmicutes:Bacilli:Gemellales:Gemellaceae:Gemella,Bacilli,Firmicutes,Gemellales,Bacteria,Gemellaceae,Gemella,Bacteria,Gemella,Gemellaceae,genus,2.0,https://www.ebi.ac.uk/metagenomics/api/v1/annotations/organisms/Bacteria%253AFirmicutes%253ABacilli%253AGemellales%253AGemellaceae%253AGemella,,MGYA00005308,8858.0,99.9887120442,7793.0,87.9670391692,336.0,3.793181305,9.0,0.1016145422,8.0,0.0998253057,3.0,0.0558971492,,
23,organisms,Bacteria:Firmicutes:Clostridia:Clostridiales:Lachnospiraceae:Blautia,607,Bacteria:Firmicutes:Clostridia:Clostridiales:Lachnospiraceae:Blautia,Clostridia,Firmicutes,Clostridiales,Bacteria,Lachnospiraceae,Blautia,Bacteria,Blautia,Lachnospiraceae,genus,2.0,https://www.ebi.ac.uk/metagenomics/api/v1/annotations/organisms/Bacteria%253AFirmicutes%253AClostridia%253AClostridiales%253ALachnospiraceae%253ABlautia,,MGYA00005308,8858.0,99.9887120442,7793.0,87.9670391692,7363.0,83.1226010386,7358.0,83.0755334763,3262.0,40.7037684053,664.0,12.3719023663,,
24,organisms,Bacteria:Firmicutes:Bacilli:Bacillales:Bacillaceae:Bacillus,1,Bacteria:Firmicutes:Bacilli:Bacillales:Bacillaceae:Bacillus,Bacilli,Firmicutes,Bacillales,Bacteria,Bacillaceae,Bacillus,Bacteria,Bacillus,Bacillaceae,genus,2.0,https://www.ebi.ac.uk/metagenomics/api/v1/annotations/organisms/Bacteria%253AFirmicutes%253ABacilli%253ABacillales%253ABacillaceae%253ABacillus,,MGYA00005308,8858.0,99.9887120442,7793.0,87.9670391692,336.0,3.793181305,84.0,0.9484023936,48.0,0.5989518343,1.0,0.0186323831,,
25,organisms,Bacteria:Firmicutes:Bacilli:Bacillales:Staphylococcaceae:Staphylococcus,2,Bacteria:Firmicutes:Bacilli:Bacillales:Staphylococcaceae:Staphylococcus,Bacilli,Firmicutes,Bacillales,Bacteria,Staphylococcaceae,Staphylococcus,Bacteria,Staphylococcus,Staphylococcaceae,genus,2.0,https://www.ebi.ac.uk/metagenomics/api/v1/annotations/organisms/Bacteria%253AFirmicutes%253ABacilli%253ABacillales%253AStaphylococcaceae%253AStaphylococcus,,MGYA00005308,8858.0,99.9887120442,7793.0,87.9670391692,336.0,3.793181305,84.0,0.9484023936,2.0,0.0249563264,2.0,0.0372647662,,
26,organisms,Bacteria:Proteobacteria:Gammaproteobacteria:Aeromonadales:Aeromonadaceae,1,Bacteria:Proteobacteria:Gammaproteobacteria:Aeromonadales:Aeromonadaceae,Gammaproteobacteria,Proteobacteria,Aeromonadales,Bacteria,Aeromonadaceae,,Bacteria,Aeromonadaceae,Aeromonadales,family,2.0,https://www.ebi.ac.uk/metagenomics/api/v1/annotations/organisms/Bacteria%253AProteobacteria%253AGammaproteobacteria%253AAeromonadales%253AAeromonadaceae,,MGYA00005308,8858.0,99.9887120442,52.0,0.5869736991,24.0,0.2709415218,2.0,0.0225810094,1.0,0.0124781632,,,,
27,organisms,Bacteria:WPS-2,1,Bacteria:WPS-2,,WPS-2,,Bacteria,,,Bacteria,WPS-2,Bacteria,phylum,2.0,https://www.ebi.ac.uk/metagenomics/api/v1/annotations/organisms/Bacteria%253AWPS-2,,MGYA00005308,8858.0,99.9887120442,1.0,0.0112879558,,,,,,,,,,
28,organisms,Bacteria:Firmicutes:Clostridia:Clostridiales,788,Bacteria:Firmicutes:Clostridia:Clostridiales,Clostridia,Firmicutes,Clostridiales,Bacteria,,,Bacteria,Clostridiales,Clostridia,order,2.0,https://www.ebi.ac.uk/metagenomics/api/v1/annotations/organisms/Bacteria%253AFirmicutes%253AClostridia%253AClostridiales,,MGYA00005308,8858.0,99.9887120442,7793.0,87.9670391692,7363.0,83.1226010386,7358.0,83.0755334763,,,,,,
29,organisms,Bacteria:Firmicutes:Clostridia:Clostridiales:Lachnospiraceae:Blautia:obeum,12,Bacteria:Firmicutes:Clostridia:Clostridiales:Lachnospiraceae:Blautia:obeum,Clostridia,Firmicutes,Clostridiales,Bacteria,Lachnospiraceae,Blautia,Bacteria,obeum,Blautia,species,2.0,https://www.ebi.ac.uk/metagenomics/api/v1/annotations/organisms/Bacteria%253AFirmicutes%253AClostridia%253AClostridiales%253ALachnospiraceae%253ABlautia%253Aobeum,obeum,MGYA00005308,8858.0,99.9887120442,7793.0,87.9670391692,7363.0,83.1226010386,7358.0,83.0755334763,3262.0,40.7037684053,664.0,12.3719023663,12.0,0.8069939475
30,organisms,Bacteria:Cyanobacteria:Chloroplast:Streptophyta,1,Bacteria:Cyanobacteria:Chloroplast:Streptophyta,Chloroplast,Cyanobacteria,Streptophyta,Bacteria,,,Bacteria,Streptophyta,Chloroplast,order,2.0,https://www.ebi.ac.uk/metagenomics/api/v1/annotations/organisms/Bacteria%253ACyanobacteria%253AChloroplast%253AStreptophyta,,MGYA00005308,8858.0,99.9887120442,2.0,0.0225759115,1.0,0.0112892301,1.0,0.0112905047,,,,,,
31,organisms,Bacteria:Proteobacteria:Alphaproteobacteria:Rhodospirillales:Acetobacteraceae,5,Bacteria:Proteobacteria:Alphaproteobacteria:Rhodospirillales:Acetobacteraceae,Alphaproteobacteria,Proteobacteria,Rhodospirillales,Bacteria,Acetobacteraceae,,Bacteria,Acetobacteraceae,Rhodospirillales,family,2.0,https://www.ebi.ac.uk/metagenomics/api/v1/annotations/organisms/Bacteria%253AProteobacteria%253AAlphaproteobacteria%253ARhodospirillales%253AAcetobacteraceae,,MGYA00005308,8858.0,99.9887120442,52.0,0.5869736991,6.0,0.0677353804,5.0,0.0564525234,5.0,0.0623908161,,,,
32,organisms,Bacteria:Firmicutes:Clostridia:Clostridiales:Veillonellaceae:Veillonella:parvula,4,Bacteria:Firmicutes:Clostridia:Clostridiales:Veillonellaceae:Veillonella:parvula,Clostridia,Firmicutes,Clostridiales,Bacteria,Veillonellaceae,Veillonella,Bacteria,parvula,Veillonella,species,2.0,https://www.ebi.ac.uk/metagenomics/api/v1/annotations/organisms/Bacteria%253AFirmicutes%253AClostridia%253AClostridiales%253AVeillonellaceae%253AVeillonella%253Aparvula,parvula,MGYA00005308,8858.0,99.9887120442,7793.0,87.9670391692,7363.0,83.1226010386,7358.0,83.0755334763,848.0,10.5814824058,7.0,0.1304266816,4.0,0.2689979825
33,organisms,Bacteria:Firmicutes:Clostridia:Clostridiales:Ruminococcaceae:Ruminococcus:bromii,10,Bacteria:Firmicutes:Clostridia:Clostridiales:Ruminococcaceae:Ruminococcus:bromii,Clostridia,Firmicutes,Clostridiales,Bacteria,Ruminococcaceae,Ruminococcus,Bacteria,bromii,Ruminococcus,species,2.0,https://www.ebi.ac.uk/metagenomics/api/v1/annotations/organisms/Bacteria%253AFirmicutes%253AClostridia%253AClostridiales%253ARuminococcaceae%253ARuminococcus%253Abromii,bromii,MGYA00005308,8858.0,99.9887120442,7793.0,87.9670391692,7363.0,83.1226010386,7358.0,83.0755334763,2231.0,27.8387821313,310.0,5.7760387554,10.0,0.6724949563
34,organisms,Bacteria:Firmicutes:Clostridia:Clostridiales:Peptostreptococcaceae,23,Bacteria:Firmicutes:Clostridia:Clostridiales:Peptostreptococcaceae,Clostridia,Firmicutes,Clostridiales,Bacteria,Peptostreptococcaceae,,Bacteria,Peptostreptococcaceae,Clostridiales,family,2.0,https://www.ebi.ac.uk/metagenomics/api/v1/annotations/organisms/Bacteria%253AFirmicutes%253AClostridia%253AClostridiales%253APeptostreptococcaceae,,MGYA00005308,8858.0,99.9887120442,7793.0,87.9670391692,7363.0,83.1226010386,7358.0,83.0755334763,27.0,0.3369104068,,,,
35,organisms,Bacteria:Firmicutes:Clostridia:Clostridiales:Clostridiaceae:Caloramator,1,Bacteria:Firmicutes:Clostridia:Clostridiales:Clostridiaceae:Caloramator,Clostridia,Firmicutes,Clostridiales,Bacteria,Clostridiaceae,Caloramator,Bacteria,Caloramator,Clostridiaceae,genus,2.0,https://www.ebi.ac.uk/metagenomics/api/v1/annotations/organisms/Bacteria%253AFirmicutes%253AClostridia%253AClostridiales%253AClostridiaceae%253ACaloramator,,MGYA00005308,8858.0,99.9887120442,7793.0,87.9670391692,7363.0,83.1226010386,7358.0,83.0755334763,165.0,2.0588969304,1.0,0.0186323831,,
36,organisms,Bacteria:Actinobacteria:Actinobacteria:Actinomycetales:Micrococcaceae,1,Bacteria:Actinobacteria:Actinobacteria:Actinomycetales:Micrococcaceae,Actinobacteria,Actinobacteria,Actinomycetales,Bacteria,Micrococcaceae,,Bacteria,Micrococcaceae,Actinomycetales,family,2.0,https://www.ebi.ac.uk/metagenomics/api/v1/annotations/organisms/Bacteria%253AActinobacteria%253AActinobacteria%253AActinomycetales%253AMicrococcaceae,,MGYA00005308,8858.0,99.9887120442,128.0,1.4448583362,44.0,0.4967261233,5.0,0.0564525234,1.0,0.0124781632,,,,
37,organisms,Bacteria:Firmicutes:Clostridia:Clostridiales:Veillonellaceae:Dialister,357,Bacteria:Firmicutes:Clostridia:Clostridiales:Veillonellaceae:Dialister,Clostridia,Firmicutes,Clostridiales,Bacteria,Veillonellaceae,Dialister,Bacteria,Dialister,Veillonellaceae,genus,2.0,https://www.ebi.ac.uk/metagenomics/api/v1/annotations/organisms/Bacteria%253AFirmicutes%253AClostridia%253AClostridiales%253AVeillonellaceae%253ADialister,,MGYA00005308,8858.0,99.9887120442,7793.0,87.9670391692,7363.0,83.1226010386,7358.0,83.0755334763,848.0,10.5814824058,357.0,6.6517607602,,
38,organisms,Bacteria:Firmicutes:Clostridia:Clostridiales:Ruminococcaceae:Ruminococcus:albus,5,Bacteria:Firmicutes:Clostridia:Clostridiales:Ruminococcaceae:Ruminococcus:albus,Clostridia,Firmicutes,Clostridiales,Bacteria,Ruminococcaceae,Ruminococcus,Bacteria,albus,Ruminococcus,species,2.0,https://www.ebi.ac.uk/metagenomics/api/v1/annotations/organisms/Bacteria%253AFirmicutes%253AClostridia%253AClostridiales%253ARuminococcaceae%253ARuminococcus%253Aalbus,albus,MGYA00005308,8858.0,99.9887120442,7793.0,87.9670391692,7363.0,83.1226010386,7358.0,83.0755334763,2231.0,27.8387821313,310.0,5.7760387554,5.0,0.3362474781
39,organisms,Bacteria:Proteobacteria:Gammaproteobacteria:Pasteurellales:Pasteurellaceae:Haemophilus:parainfluenzae,10,Bacteria:Proteobacteria:Gammaproteobacteria:Pasteurellales:Pasteurellaceae:Haemophilus:parainfluenzae,Gammaproteobacteria,Proteobacteria,Pasteurellales,Bacteria,Pasteurellaceae,Haemophilus,Bacteria,parainfluenzae,Haemophilus,species,2.0,https://www.ebi.ac.uk/metagenomics/api/v1/annotations/organisms/Bacteria%253AProteobacteria%253AGammaproteobacteria%253APasteurellales%253APasteurellaceae%253AHaemophilus%253Aparainfluenzae,parainfluenzae,MGYA00005308,8858.0,99.9887120442,52.0,0.5869736991,24.0,0.2709415218,11.0,0.1241955515,11.0,0.1372597954,10.0,0.1863238308,10.0,0.6724949563
40,organisms,Bacteria:Proteobacteria:Betaproteobacteria:Burkholderiales:Burkholderiaceae:Lautropia,1,Bacteria:Proteobacteria:Betaproteobacteria:Burkholderiales:Burkholderiaceae:Lautropia,Betaproteobacteria,Proteobacteria,Burkholderiales,Bacteria,Burkholderiaceae,Lautropia,Bacteria,Lautropia,Burkholderiaceae,genus,2.0,https://www.ebi.ac.uk/metagenomics/api/v1/annotations/organisms/Bacteria%253AProteobacteria%253ABetaproteobacteria%253ABurkholderiales%253ABurkholderiaceae%253ALautropia,,MGYA00005308,8858.0,99.9887120442,52.0,0.5869736991,21.0,0.2370738316,20.0,0.2258100937,1.0,0.0124781632,1.0,0.0186323831,,
41,organisms,Bacteria:Firmicutes:Clostridia:Clostridiales:Peptostreptococcaceae:Clostridium:difficile,2,Bacteria:Firmicutes:Clostridia:Clostridiales:Peptostreptococcaceae:Clostridium:difficile,Clostridia,Firmicutes,Clostridiales,Bacteria,Peptostreptococcaceae,Clostridium,Bacteria,difficile,Clostridium,species,2.0,https://www.ebi.ac.uk/metagenomics/api/v1/annotations/organisms/Bacteria%253AFirmicutes%253AClostridia%253AClostridiales%253APeptostreptococcaceae%253AClostridium%253Adifficile,difficile,MGYA00005308,8858.0,99.9887120442,7793.0,87.9670391692,7363.0,83.1226010386,7358.0,83.0755334763,27.0,0.3369104068,52.0,0.9688839203,2.0,0.1344989913
42,organisms,Bacteria:Firmicutes:Clostridia:Clostridiales:Mogibacteriaceae:Mogibacterium,1,Bacteria:Firmicutes:Clostridia:Clostridiales:Mogibacteriaceae:Mogibacterium,Clostridia,Firmicutes,Clostridiales,Bacteria,Mogibacteriaceae,Mogibacterium,Bacteria,Mogibacterium,Mogibacteriaceae,genus,2.0,https://www.ebi.ac.uk/metagenomics/api/v1/annotations/organisms/Bacteria%253AFirmicutes%253AClostridia%253AClostridiales%253AMogibacteriaceae%253AMogibacterium,,MGYA00005308,8858.0,99.9887120442,7793.0,87.9670391692,7363.0,83.1226010386,7358.0,83.0755334763,15.0,0.1871724482,1.0,0.0186323831,,
43,organisms,Bacteria:Firmicutes:Clostridia:Halanaerobiales:Halanaerobiaceae,4,Bacteria:Firmicutes:Clostridia:Halanaerobiales:Halanaerobiaceae,Clostridia,Firmicutes,Halanaerobiales,Bacteria,Halanaerobiaceae,,Bacteria,Halanaerobiaceae,Halanaerobiales,family,2.0,https://www.ebi.ac.uk/metagenomics/api/v1/annotations/organisms/Bacteria%253AFirmicutes%253AClostridia%253AHalanaerobiales%253AHalanaerobiaceae,,MGYA00005308,8858.0,99.9887120442,7793.0,87.9670391692,7363.0,83.1226010386,4.0,0.0451620187,4.0,0.0499126529,,,,
44,organisms,Bacteria:Firmicutes:Clostridia:Clostridiales:Ruminococcaceae:Ruminococcus,199,Bacteria:Firmicutes:Clostridia:Clostridiales:Ruminococcaceae:Ruminococcus,Clostridia,Firmicutes,Clostridiales,Bacteria,Ruminococcaceae,Ruminococcus,Bacteria,Ruminococcus,Ruminococcaceae,genus,2.0,https://www.ebi.ac.uk/metagenomics/api/v1/annotations/organisms/Bacteria%253AFirmicutes%253AClostridia%253AClostridiales%253ARuminococcaceae%253ARuminococcus,,MGYA00005308,8858.0,99.9887120442,7793.0,87.9670391692,7363.0,83.1226010386,7358.0,83.0755334763,2231.0,27.8387821313,310.0,5.7760387554,,
45,organisms,Bacteria:Firmicutes:Erysipelotrichi:Erysipelotrichales:Erysipelotrichaceae:Coprobacillus,5,Bacteria:Firmicutes:Erysipelotrichi:Erysipelotrichales:Erysipelotrichaceae:Coprobacillus,Erysipelotrichi,Firmicutes,Erysipelotrichales,Bacteria,Erysipelotrichaceae,Coprobacillus,Bacteria,Coprobacillus,Erysipelotrichaceae,genus,2.0,https://www.ebi.ac.uk/metagenomics/api/v1/annotations/organisms/Bacteria%253AFirmicutes%253AErysipelotrichi%253AErysipelotrichales%253AErysipelotrichaceae%253ACoprobacillus,,MGYA00005308,8858.0,99.9887120442,7793.0,87.9670391692,94.0,1.061187627,94.0,1.0613074404,94.0,1.1729473422,6.0,0.1117942985,,
46,organisms,Bacteria:Firmicutes:Clostridia:Clostridiales:Lachnospiraceae:Ruminococcus,17,Bacteria:Firmicutes:Clostridia:Clostridiales:Lachnospiraceae:Ruminococcus,Clostridia,Firmicutes,Clostridiales,Bacteria,Lachnospiraceae,Ruminococcus,Bacteria,Ruminococcus,Lachnospiraceae,genus,2.0,https://www.ebi.ac.uk/metagenomics/api/v1/annotations/organisms/Bacteria%253AFirmicutes%253AClostridia%253AClostridiales%253ALachnospiraceae%253ARuminococcus,,MGYA00005308,8858.0,99.9887120442,7793.0,87.9670391692,7363.0,83.1226010386,7358.0,83.0755334763,3262.0,40.7037684053,310.0,5.7760387554,,
47,organisms,Bacteria:Bacteroidetes:Bacteroidia:Bacteroidales:Paraprevotellaceae,1,Bacteria:Bacteroidetes:Bacteroidia:Bacteroidales:Paraprevotellaceae,Bacteroidia,Bacteroidetes,Bacteroidales,Bacteria,Paraprevotellaceae,,Bacteria,Paraprevotellaceae,Bacteroidales,family,2.0,https://www.ebi.ac.uk/metagenomics/api/v1/annotations/organisms/Bacteria%253ABacteroidetes%253ABacteroidia%253ABacteroidales%253AParaprevotellaceae,,MGYA00005308,8858.0,99.9887120442,871.0,9.8318094593,871.0,9.8329193949,871.0,9.8340295811,37.0,0.4616920389,,,,
48,organisms,Bacteria:Firmicutes:Clostridia:Clostridiales:Veillonellaceae:Megamonas:hypermegale,1,Bacteria:Firmicutes:Clostridia:Clostridiales:Veillonellaceae:Megamonas:hypermegale,Clostridia,Firmicutes,Clostridiales,Bacteria,Veillonellaceae,Megamonas,Bacteria,hypermegale,Megamonas,species,2.0,https://www.ebi.ac.uk/metagenomics/api/v1/annotations/organisms/Bacteria%253AFirmicutes%253AClostridia%253AClostridiales%253AVeillonellaceae%253AMegamonas%253Ahypermegale,hypermegale,MGYA00005308,8858.0,99.9887120442,7793.0,87.9670391692,7363.0,83.1226010386,7358.0,83.0755334763,848.0,10.5814824058,291.0,5.4220234768,1.0,0.0672494956
49,organisms,Bacteria:Firmicutes:Clostridia:Clostridiales:Ruminococcaceae:Anaerofilum,37,Bacteria:Firmicutes:Clostridia:Clostridiales:Ruminococcaceae:Anaerofilum,Clostridia,Firmicutes,Clostridiales,Bacteria,Ruminococcaceae,Anaerofilum,Bacteria,Anaerofilum,Ruminococcaceae,genus,2.0,https://www.ebi.ac.uk/metagenomics/api/v1/annotations/organisms/Bacteria%253AFirmicutes%253AClostridia%253AClostridiales%253ARuminococcaceae%253AAnaerofilum,,MGYA00005308,8858.0,99.9887120442,7793.0,87.9670391692,7363.0,83.1226010386,7358.0,83.0755334763,2231.0,27.8387821313,37.0,0.689398174,,
50,organisms,Bacteria:Firmicutes:Clostridia:Clostridiales:Lachnospiraceae:Roseburia:faecis,3,Bacteria:Firmicutes:Clostridia:Clostridiales:Lachnospiraceae:Roseburia:faecis,Clostridia,Firmicutes,Clostridiales,Bacteria,Lachnospiraceae,Roseburia,Bacteria,faecis,Roseburia,species,2.0,https://www.ebi.ac.uk/metagenomics/api/v1/annotations/organisms/Bacteria%253AFirmicutes%253AClostridia%253AClostridiales%253ALachnospiraceae%253ARoseburia%253Afaecis,faecis,MGYA00005308,8858.0,99.9887120442,7793.0,87.9670391692,7363.0,83.1226010386,7358.0,83.0755334763,3262.0,40.7037684053,258.0,4.8071548351,3.0,0.2017484869
51,organisms,Bacteria:Firmicutes:Bacilli:Bacillales,33,Bacteria:Firmicutes:Bacilli:Bacillales,Bacilli,Firmicutes,Bacillales,Bacteria,,,Bacteria,Bacillales,Bacilli,order,2.0,https://www.ebi.ac.uk/metagenomics/api/v1/annotations/organisms/Bacteria%253AFirmicutes%253ABacilli%253ABacillales,,MGYA00005308,8858.0,99.9887120442,7793.0,87.9670391692,336.0,3.793181305,84.0,0.9484023936,,,,,,
52,organisms,Bacteria:Firmicutes:Bacilli:Lactobacillales:Streptococcaceae:Streptococcus:infantis,1,Bacteria:Firmicutes:Bacilli:Lactobacillales:Streptococcaceae:Streptococcus:infantis,Bacilli,Firmicutes,Lactobacillales,Bacteria,Streptococcaceae,Streptococcus,Bacteria,infantis,Streptococcus,species,2.0,https://www.ebi.ac.uk/metagenomics/api/v1/annotations/organisms/Bacteria%253AFirmicutes%253ABacilli%253ALactobacillales%253AStreptococcaceae%253AStreptococcus%253Ainfantis,infantis,MGYA00005308,8858.0,99.9887120442,7793.0,87.9670391692,336.0,3.793181305,106.0,1.1967934967,99.0,1.2353381582,98.0,1.825973542,1.0,0.0672494956
53,organisms,Bacteria:Bacteroidetes:Bacteroidia:Bacteroidales:Prevotellaceae:Prevotella:melaninogenica,18,Bacteria:Bacteroidetes:Bacteroidia:Bacteroidales:Prevotellaceae:Prevotella:melaninogenica,Bacteroidia,Bacteroidetes,Bacteroidales,Bacteria,Prevotellaceae,Prevotella,Bacteria,melaninogenica,Prevotella,species,2.0,https://www.ebi.ac.uk/metagenomics/api/v1/annotations/organisms/Bacteria%253ABacteroidetes%253ABacteroidia%253ABacteroidales%253APrevotellaceae%253APrevotella%253Amelaninogenica,melaninogenica,MGYA00005308,8858.0,99.9887120442,871.0,9.8318094593,871.0,9.8329193949,871.0,9.8340295811,485.0,6.051909159,495.0,9.2230296255,18.0,1.2104909213
54,organisms,Bacteria:Tenericutes:Mollicutes:RF39,1,Bacteria:Tenericutes:Mollicutes:RF39,Mollicutes,Tenericutes,RF39,Bacteria,,,Bacteria,RF39,Mollicutes,order,2.0,https://www.ebi.ac.uk/metagenomics/api/v1/annotations/organisms/Bacteria%253ATenericutes%253AMollicutes%253ARF39,,MGYA00005308,8858.0,99.9887120442,1.0,0.0112879558,1.0,0.0112892301,1.0,0.0112905047,,,,,,
55,organisms,Bacteria:Bacteroidetes:Bacteroidia:Bacteroidales:Odoribacteraceae:Odoribacter,1,Bacteria:Bacteroidetes:Bacteroidia:Bacteroidales:Odoribacteraceae:Odoribacter,Bacteroidia,Bacteroidetes,Bacteroidales,Bacteria,Odoribacteraceae,Odoribacter,Bacteria,Odoribacter,Odoribacteraceae,genus,2.0,https://www.ebi.ac.uk/metagenomics/api/v1/annotations/organisms/Bacteria%253ABacteroidetes%253ABacteroidia%253ABacteroidales%253AOdoribacteraceae%253AOdoribacter,,MGYA00005308,8858.0,99.9887120442,871.0,9.8318094593,871.0,9.8329193949,871.0,9.8340295811,10.0,0.1247816321,1.0,0.0186323831,,
56,organisms,Bacteria:Actinobacteria:Actinobacteria:Actinomycetales:Actinomycetaceae:Actinomyces,3,Bacteria:Actinobacteria:Actinobacteria:Actinomycetales:Actinomycetaceae:Actinomyces,Actinobacteria,Actinobacteria,Actinomycetales,Bacteria,Actinomycetaceae,Actinomyces,Bacteria,Actinomyces,Actinomycetaceae,genus,2.0,https://www.ebi.ac.uk/metagenomics/api/v1/annotations/organisms/Bacteria%253AActinobacteria%253AActinobacteria%253AActinomycetales%253AActinomycetaceae%253AActinomyces,,MGYA00005308,8858.0,99.9887120442,128.0,1.4448583362,44.0,0.4967261233,5.0,0.0564525234,3.0,0.0374344896,3.0,0.0558971492,,
57,organisms,Bacteria:Firmicutes:Bacilli:Lactobacillales:Leuconostocaceae:Leuconostoc,2,Bacteria:Firmicutes:Bacilli:Lactobacillales:Leuconostocaceae:Leuconostoc,Bacilli,Firmicutes,Lactobacillales,Bacteria,Leuconostocaceae,Leuconostoc,Bacteria,Leuconostoc,Leuconostocaceae,genus,2.0,https://www.ebi.ac.uk/metagenomics/api/v1/annotations/organisms/Bacteria%253AFirmicutes%253ABacilli%253ALactobacillales%253ALeuconostocaceae%253ALeuconostoc,,MGYA00005308,8858.0,99.9887120442,7793.0,87.9670391692,336.0,3.793181305,106.0,1.1967934967,2.0,0.0249563264,2.0,0.0372647662,,
58,organisms,Bacteria:Firmicutes:Bacilli:Lactobacillales:Enterococcaceae:Enterococcus,4,Bacteria:Firmicutes:Bacilli:Lactobacillales:Enterococcaceae:Enterococcus,Bacilli,Firmicutes,Lactobacillales,Bacteria,Enterococcaceae,Enterococcus,Bacteria,Enterococcus,Enterococcaceae,genus,2.0,https://www.ebi.ac.uk/metagenomics/api/v1/annotations/organisms/Bacteria%253AFirmicutes%253ABacilli%253ALactobacillales%253AEnterococcaceae%253AEnterococcus,,MGYA00005308,8858.0,99.9887120442,7793.0,87.9670391692,336.0,3.793181305,106.0,1.1967934967,4.0,0.0499126529,4.0,0.0745295323,,
59,organisms,Bacteria:Verrucomicrobia:Verrucomicrobiae:Verrucomicrobiales:Verrucomicrobiaceae:Akkermansia:muciniphila,7,Bacteria:Verrucomicrobia:Verrucomicrobiae:Verrucomicrobiales:Verrucomicrobiaceae:Akkermansia:muciniphila,Verrucomicrobiae,Verrucomicrobia,Verrucomicrobiales,Bacteria,Verrucomicrobiaceae,Akkermansia,Bacteria,muciniphila,Akkermansia,species,2.0,https://www.ebi.ac.uk/metagenomics/api/v1/annotations/organisms/Bacteria%253AVerrucomicrobia%253AVerrucomicrobiae%253AVerrucomicrobiales%253AVerrucomicrobiaceae%253AAkkermansia%253Amuciniphila,muciniphila,MGYA00005308,8858.0,99.9887120442,7.0,0.0790156903,7.0,0.0790246105,7.0,0.0790335328,7.0,0.0873471425,7.0,0.1304266816,7.0,0.4707464694
60,organisms,Bacteria:Gemmatimonadetes:Gemm-6,1,Bacteria:Gemmatimonadetes:Gemm-6,Gemm-6,Gemmatimonadetes,,Bacteria,,,Bacteria,Gemm-6,Gemmatimonadetes,class,2.0,https://www.ebi.ac.uk/metagenomics/api/v1/annotations/organisms/Bacteria%253AGemmatimonadetes%253AGemm-6,,MGYA00005308,8858.0,99.9887120442,1.0,0.0112879558,1.0,0.0112892301,,,,,,,,
61,organisms,Bacteria:Cyanobacteria:4C0d-2:YS2,1,Bacteria:Cyanobacteria:4C0d-2:YS2,4C0d-2,Cyanobacteria,YS2,Bacteria,,,Bacteria,YS2,4C0d-2,order,2.0,https://www.ebi.ac.uk/metagenomics/api/v1/annotations/organisms/Bacteria%253ACyanobacteria%253A4C0d-2%253AYS2,,MGYA00005308,8858.0,99.9887120442,2.0,0.0225759115,1.0,0.0112892301,1.0,0.0112905047,,,,,,
62,organisms,Bacteria:Proteobacteria:Gammaproteobacteria:Enterobacteriales:Enterobacteriaceae:Erwinia,1,Bacteria:Proteobacteria:Gammaproteobacteria:Enterobacteriales:Enterobacteriaceae:Erwinia,Gammaproteobacteria,Proteobacteria,Enterobacteriales,Bacteria,Enterobacteriaceae,Erwinia,Bacteria,Erwinia,Enterobacteriaceae,genus,2.0,https://www.ebi.ac.uk/metagenomics/api/v1/annotations/organisms/Bacteria%253AProteobacteria%253AGammaproteobacteria%253AEnterobacteriales%253AEnterobacteriaceae%253AErwinia,,MGYA00005308,8858.0,99.9887120442,52.0,0.5869736991,24.0,0.2709415218,10.0,0.1129050469,10.0,0.1247816321,1.0,0.0186323831,,
63,organisms,Bacteria:Bacteroidetes:Bacteroidia:Bacteroidales:Rikenellaceae,12,Bacteria:Bacteroidetes:Bacteroidia:Bacteroidales:Rikenellaceae,Bacteroidia,Bacteroidetes,Bacteroidales,Bacteria,Rikenellaceae,,Bacteria,Rikenellaceae,Bacteroidales,family,2.0,https://www.ebi.ac.uk/metagenomics/api/v1/annotations/organisms/Bacteria%253ABacteroidetes%253ABacteroidia%253ABacteroidales%253ARikenellaceae,,MGYA00005308,8858.0,99.9887120442,871.0,9.8318094593,871.0,9.8329193949,871.0,9.8340295811,12.0,0.1497379586,,,,
64,organisms,Bacteria:Proteobacteria:Gammaproteobacteria:Enterobacteriales:Enterobacteriaceae:CandidatusPhlomobacter,1,Bacteria:Proteobacteria:Gammaproteobacteria:Enterobacteriales:Enterobacteriaceae:CandidatusPhlomobacter,Gammaproteobacteria,Proteobacteria,Enterobacteriales,Bacteria,Enterobacteriaceae,CandidatusPhlomobacter,Bacteria,CandidatusPhlomobacter,Enterobacteriaceae,genus,2.0,https://www.ebi.ac.uk/metagenomics/api/v1/annotations/organisms/Bacteria%253AProteobacteria%253AGammaproteobacteria%253AEnterobacteriales%253AEnterobacteriaceae%253ACandidatusPhlomobacter,,MGYA00005308,8858.0,99.9887120442,52.0,0.5869736991,24.0,0.2709415218,10.0,0.1129050469,10.0,0.1247816321,1.0,0.0186323831,,
65,organisms,Bacteria:Proteobacteria:Gammaproteobacteria:Pasteurellales:Pasteurellaceae:Actinobacillus:parahaemolyticus,1,Bacteria:Proteobacteria:Gammaproteobacteria:Pasteurellales:Pasteurellaceae:Actinobacillus:parahaemolyticus,Gammaproteobacteria,Proteobacteria,Pasteurellales,Bacteria,Pasteurellaceae,Actinobacillus,Bacteria,parahaemolyticus,Actinobacillus,species,2.0,https://www.ebi.ac.uk/metagenomics/api/v1/annotations/organisms/Bacteria%253AProteobacteria%253AGammaproteobacteria%253APasteurellales%253APasteurellaceae%253AActinobacillus%253Aparahaemolyticus,parahaemolyticus,MGYA00005308,8858.0,99.9887120442,52.0,0.5869736991,24.0,0.2709415218,11.0,0.1241955515,11.0,0.1372597954,1.0,0.0186323831,1.0,0.0672494956
66,organisms,Bacteria:Bacteroidetes:Bacteroidia:Bacteroidales:Barnesiellaceae,1,Bacteria:Bacteroidetes:Bacteroidia:Bacteroidales:Barnesiellaceae,Bacteroidia,Bacteroidetes,Bacteroidales,Bacteria,Barnesiellaceae,,Bacteria,Barnesiellaceae,Bacteroidales,family,2.0,https://www.ebi.ac.uk/metagenomics/api/v1/annotations/organisms/Bacteria%253ABacteroidetes%253ABacteroidia%253ABacteroidales%253ABarnesiellaceae,,MGYA00005308,8858.0,99.9887120442,871.0,9.8318094593,871.0,9.8329193949,871.0,9.8340295811,1.0,0.0124781632,,,,
67,organisms,Bacteria:Actinobacteria:Coriobacteriia:Coriobacteriales:Coriobacteriaceae:Eggerthella:lenta,4,Bacteria:Actinobacteria:Coriobacteriia:Coriobacteriales:Coriobacteriaceae:Eggerthella:lenta,Coriobacteriia,Actinobacteria,Coriobacteriales,Bacteria,Coriobacteriaceae,Eggerthella,Bacteria,lenta,Eggerthella,species,2.0,https://www.ebi.ac.uk/metagenomics/api/v1/annotations/organisms/Bacteria%253AActinobacteria%253ACoriobacteriia%253ACoriobacteriales%253ACoriobacteriaceae%253AEggerthella%253Alenta,lenta,MGYA00005308,8858.0,99.9887120442,128.0,1.4448583362,83.0,0.9370060962,83.0,0.9371118889,83.0,1.0356875468,4.0,0.0745295323,4.0,0.2689979825
68,organisms,Bacteria:Firmicutes:Clostridia:Clostridiales:Veillonellaceae:Megasphaera,18,Bacteria:Firmicutes:Clostridia:Clostridiales:Veillonellaceae:Megasphaera,Clostridia,Firmicutes,Clostridiales,Bacteria,Veillonellaceae,Megasphaera,Bacteria,Megasphaera,Veillonellaceae,genus,2.0,https://www.ebi.ac.uk/metagenomics/api/v1/annotations/organisms/Bacteria%253AFirmicutes%253AClostridia%253AClostridiales%253AVeillonellaceae%253AMegasphaera,,MGYA00005308,8858.0,99.9887120442,7793.0,87.9670391692,7363.0,83.1226010386,7358.0,83.0755334763,848.0,10.5814824058,18.0,0.3353828955,,
69,organisms,Unusigned,502,Unusigned,,,,,,,,Unusigned,,,2.0,https://www.ebi.ac.uk/metagenomics/api/v1/annotations/organisms/Unusigned,,MGYA00005308,,,,,,,,,,,,,,
70,organisms,Bacteria:Firmicutes:Erysipelotrichi:Erysipelotrichales:Erysipelotrichaceae:Bulleidia,1,Bacteria:Firmicutes:Erysipelotrichi:Erysipelotrichales:Erysipelotrichaceae:Bulleidia,Erysipelotrichi,Firmicutes,Erysipelotrichales,Bacteria,Erysipelotrichaceae,Bulleidia,Bacteria,Bulleidia,Erysipelotrichaceae,genus,2.0,https://www.ebi.ac.uk/metagenomics/api/v1/annotations/organisms/Bacteria%253AFirmicutes%253AErysipelotrichi%253AErysipelotrichales%253AErysipelotrichaceae%253ABulleidia,,MGYA00005308,8858.0,99.9887120442,7793.0,87.9670391692,94.0,1.061187627,94.0,1.0613074404,94.0,1.1729473422,1.0,0.0186323831,,
71,organisms,Bacteria:Firmicutes:Clostridia:Natranaerobiales:Anaerobrancaceae,1,Bacteria:Firmicutes:Clostridia:Natranaerobiales:Anaerobrancaceae,Clostridia,Firmicutes,Natranaerobiales,Bacteria,Anaerobrancaceae,,Bacteria,Anaerobrancaceae,Natranaerobiales,family,2.0,https://www.ebi.ac.uk/metagenomics/api/v1/annotations/organisms/Bacteria%253AFirmicutes%253AClostridia%253ANatranaerobiales%253AAnaerobrancaceae,,MGYA00005308,8858.0,99.9887120442,7793.0,87.9670391692,7363.0,83.1226010386,1.0,0.0112905047,1.0,0.0124781632,,,,
72,organisms,Bacteria:Actinobacteria:Actinobacteria:Bifidobacteriales:Bifidobacteriaceae:Bifidobacterium,23,Bacteria:Actinobacteria:Actinobacteria:Bifidobacteriales:Bifidobacteriaceae:Bifidobacterium,Actinobacteria,Actinobacteria,Bifidobacteriales,Bacteria,Bifidobacteriaceae,Bifidobacterium,Bacteria,Bifidobacterium,Bifidobacteriaceae,genus,2.0,https://www.ebi.ac.uk/metagenomics/api/v1/annotations/organisms/Bacteria%253AActinobacteria%253AActinobacteria%253ABifidobacteriales%253ABifidobacteriaceae%253ABifidobacterium,,MGYA00005308,8858.0,99.9887120442,128.0,1.4448583362,44.0,0.4967261233,39.0,0.4403296827,39.0,0.4866483654,37.0,0.689398174,,
73,organisms,Bacteria:Bacteroidetes:Bacteroidia:Bacteroidales:Bacteroidaceae:Bacteroides:fragilis,1,Bacteria:Bacteroidetes:Bacteroidia:Bacteroidales:Bacteroidaceae:Bacteroides:fragilis,Bacteroidia,Bacteroidetes,Bacteroidales,Bacteria,Bacteroidaceae,Bacteroides,Bacteria,fragilis,Bacteroides,species,2.0,https://www.ebi.ac.uk/metagenomics/api/v1/annotations/organisms/Bacteria%253ABacteroidetes%253ABacteroidia%253ABacteroidales%253ABacteroidaceae%253ABacteroides%253Afragilis,fragilis,MGYA00005308,8858.0,99.9887120442,871.0,9.8318094593,871.0,9.8329193949,871.0,9.8340295811,291.0,3.6311454954,290.0,5.4033910937,1.0,0.0672494956
74,organisms,Bacteria:Proteobacteria:Gammaproteobacteria:Aeromonadales:Succinivibrionaceae:Succinatimonas:hippei,1,Bacteria:Proteobacteria:Gammaproteobacteria:Aeromonadales:Succinivibrionaceae:Succinatimonas:hippei,Gammaproteobacteria,Proteobacteria,Aeromonadales,Bacteria,Succinivibrionaceae,Succinatimonas,Bacteria,hippei,Succinatimonas,species,2.0,https://www.ebi.ac.uk/metagenomics/api/v1/annotations/organisms/Bacteria%253AProteobacteria%253AGammaproteobacteria%253AAeromonadales%253ASuccinivibrionaceae%253ASuccinatimonas%253Ahippei,hippei,MGYA00005308,8858.0,99.9887120442,52.0,0.5869736991,24.0,0.2709415218,2.0,0.0225810094,1.0,0.0124781632,1.0,0.0186323831,1.0,0.0672494956
75,organisms,Bacteria:Bacteroidetes:Bacteroidia:Bacteroidales:Bacteroidaceae:Bacteroides:plebeius,3,Bacteria:Bacteroidetes:Bacteroidia:Bacteroidales:Bacteroidaceae:Bacteroides:plebeius,Bacteroidia,Bacteroidetes,Bacteroidales,Bacteria,Bacteroidaceae,Bacteroides,Bacteria,plebeius,Bacteroides,species,2.0,https://www.ebi.ac.uk/metagenomics/api/v1/annotations/organisms/Bacteria%253ABacteroidetes%253ABacteroidia%253ABacteroidales%253ABacteroidaceae%253ABacteroides%253Aplebeius,plebeius,MGYA00005308,8858.0,99.9887120442,871.0,9.8318094593,871.0,9.8329193949,871.0,9.8340295811,291.0,3.6311454954,290.0,5.4033910937,3.0,0.2017484869
76,organisms,Bacteria:Firmicutes:Clostridia:Clostridiales:Lachnospiraceae:Lachnospira,483,Bacteria:Firmicutes:Clostridia:Clostridiales:Lachnospiraceae:Lachnospira,Clostridia,Firmicutes,Clostridiales,Bacteria,Lachnospiraceae,Lachnospira,Bacteria,Lachnospira,Lachnospiraceae,genus,2.0,https://www.ebi.ac.uk/metagenomics/api/v1/annotations/organisms/Bacteria%253AFirmicutes%253AClostridia%253AClostridiales%253ALachnospiraceae%253ALachnospira,,MGYA00005308,8858.0,99.9887120442,7793.0,87.9670391692,7363.0,83.1226010386,7358.0,83.0755334763,3262.0,40.7037684053,510.0,9.5025153717,,
77,organisms,Bacteria:Firmicutes:Bacilli:Bacillales:Paenibacillaceae,1,Bacteria:Firmicutes:Bacilli:Bacillales:Paenibacillaceae,Bacilli,Firmicutes,Bacillales,Bacteria,Paenibacillaceae,,Bacteria,Paenibacillaceae,Bacillales,family,2.0,https://www.ebi.ac.uk/metagenomics/api/v1/annotations/organisms/Bacteria%253AFirmicutes%253ABacilli%253ABacillales%253APaenibacillaceae,,MGYA00005308,8858.0,99.9887120442,7793.0,87.9670391692,336.0,3.793181305,84.0,0.9484023936,1.0,0.0124781632,,,,
78,organisms,Bacteria:Firmicutes:Clostridia:Clostridiales:Ruminococcaceae:Oscillospira,134,Bacteria:Firmicutes:Clostridia:Clostridiales:Ruminococcaceae:Oscillospira,Clostridia,Firmicutes,Clostridiales,Bacteria,Ruminococcaceae,Oscillospira,Bacteria,Oscillospira,Ruminococcaceae,genus,2.0,https://www.ebi.ac.uk/metagenomics/api/v1/annotations/organisms/Bacteria%253AFirmicutes%253AClostridia%253AClostridiales%253ARuminococcaceae%253AOscillospira,,MGYA00005308,8858.0,99.9887120442,7793.0,87.9670391692,7363.0,83.1226010386,7358.0,83.0755334763,2231.0,27.8387821313,135.0,2.515371716,,
79,organisms,Archaea:Euryarchaeota:Methanobacteria:Methanobacteriales:Methanobacteriaceae:Methanobrevibacter,1,Archaea:Euryarchaeota:Methanobacteria:Methanobacteriales:Methanobacteriaceae:Methanobrevibacter,Methanobacteria,Euryarchaeota,Methanobacteriales,Archaea,Methanobacteriaceae,Methanobrevibacter,Archaea,Methanobrevibacter,Methanobacteriaceae,genus,2.0,https://www.ebi.ac.uk/metagenomics/api/v1/annotations/organisms/Archaea%253AEuryarchaeota%253AMethanobacteria%253AMethanobacteriales%253AMethanobacteriaceae%253AMethanobrevibacter,,MGYA00005308,1.0,0.0112879558,1.0,0.0112879558,1.0,0.0112892301,1.0,0.0112905047,1.0,0.0124781632,1.0,0.0186323831,,
80,organisms,Bacteria:Firmicutes:Clostridia:Clostridiales:Lachnospiraceae:Blautia:producta,45,Bacteria:Firmicutes:Clostridia:Clostridiales:Lachnospiraceae:Blautia:producta,Clostridia,Firmicutes,Clostridiales,Bacteria,Lachnospiraceae,Blautia,Bacteria,producta,Blautia,species,2.0,https://www.ebi.ac.uk/metagenomics/api/v1/annotations/organisms/Bacteria%253AFirmicutes%253AClostridia%253AClostridiales%253ALachnospiraceae%253ABlautia%253Aproducta,producta,MGYA00005308,8858.0,99.9887120442,7793.0,87.9670391692,7363.0,83.1226010386,7358.0,83.0755334763,3262.0,40.7037684053,664.0,12.3719023663,45.0,3.0262273033
81,organisms,Bacteria:Firmicutes:Erysipelotrichi:Erysipelotrichales:Erysipelotrichaceae:Holdemania,6,Bacteria:Firmicutes:Erysipelotrichi:Erysipelotrichales:Erysipelotrichaceae:Holdemania,Erysipelotrichi,Firmicutes,Erysipelotrichales,Bacteria,Erysipelotrichaceae,Holdemania,Bacteria,Holdemania,Erysipelotrichaceae,genus,2.0,https://www.ebi.ac.uk/metagenomics/api/v1/annotations/organisms/Bacteria%253AFirmicutes%253AErysipelotrichi%253AErysipelotrichales%253AErysipelotrichaceae%253AHoldemania,,MGYA00005308,8858.0,99.9887120442,7793.0,87.9670391692,94.0,1.061187627,94.0,1.0613074404,94.0,1.1729473422,6.0,0.1117942985,,
82,organisms,Bacteria:Firmicutes:Bacilli:Haloplasmatales:Haloplasmataceae:Haloplasma:contractile,1,Bacteria:Firmicutes:Bacilli:Haloplasmatales:Haloplasmataceae:Haloplasma:contractile,Bacilli,Firmicutes,Haloplasmatales,Bacteria,Haloplasmataceae,Haloplasma,Bacteria,contractile,Haloplasma,species,2.0,https://www.ebi.ac.uk/metagenomics/api/v1/annotations/organisms/Bacteria%253AFirmicutes%253ABacilli%253AHaloplasmatales%253AHaloplasmataceae%253AHaloplasma%253Acontractile,contractile,MGYA00005308,8858.0,99.9887120442,7793.0,87.9670391692,336.0,3.793181305,1.0,0.0112905047,1.0,0.0124781632,1.0,0.0186323831,1.0,0.0672494956
83,organisms,Bacteria:Firmicutes:Bacilli:Lactobacillales:Streptococcaceae:Lactococcus,1,Bacteria:Firmicutes:Bacilli:Lactobacillales:Streptococcaceae:Lactococcus,Bacilli,Firmicutes,Lactobacillales,Bacteria,Streptococcaceae,Lactococcus,Bacteria,Lactococcus,Streptococcaceae,genus,2.0,https://www.ebi.ac.uk/metagenomics/api/v1/annotations/organisms/Bacteria%253AFirmicutes%253ABacilli%253ALactobacillales%253AStreptococcaceae%253ALactococcus,,MGYA00005308,8858.0,99.9887120442,7793.0,87.9670391692,336.0,3.793181305,106.0,1.1967934967,99.0,1.2353381582,1.0,0.0186323831,,
84,organisms,Bacteria:Actinobacteria:Coriobacteriia:Coriobacteriales:Coriobacteriaceae:Collinsella:aerofaciens,43,Bacteria:Actinobacteria:Coriobacteriia:Coriobacteriales:Coriobacteriaceae:Collinsella:aerofaciens,Coriobacteriia,Actinobacteria,Coriobacteriales,Bacteria,Coriobacteriaceae,Collinsella,Bacteria,aerofaciens,Collinsella,species,2.0,https://www.ebi.ac.uk/metagenomics/api/v1/annotations/organisms/Bacteria%253AActinobacteria%253ACoriobacteriia%253ACoriobacteriales%253ACoriobacteriaceae%253ACollinsella%253Aaerofaciens,aerofaciens,MGYA00005308,8858.0,99.9887120442,128.0,1.4448583362,83.0,0.9370060962,83.0,0.9371118889,83.0,1.0356875468,59.0,1.0993106018,43.0,2.891728312
85,organisms,Bacteria:Proteobacteria:Gammaproteobacteria:HTCC2188,1,Bacteria:Proteobacteria:Gammaproteobacteria:HTCC2188,Gammaproteobacteria,Proteobacteria,HTCC2188,Bacteria,,,Bacteria,HTCC2188,Gammaproteobacteria,order,2.0,https://www.ebi.ac.uk/metagenomics/api/v1/annotations/organisms/Bacteria%253AProteobacteria%253AGammaproteobacteria%253AHTCC2188,,MGYA00005308,8858.0,99.9887120442,52.0,0.5869736991,24.0,0.2709415218,1.0,0.0112905047,,,,,,
86,organisms,Bacteria:Firmicutes:Clostridia:Clostridiales:Veillonellaceae:Pectinatus,54,Bacteria:Firmicutes:Clostridia:Clostridiales:Veillonellaceae:Pectinatus,Clostridia,Firmicutes,Clostridiales,Bacteria,Veillonellaceae,Pectinatus,Bacteria,Pectinatus,Veillonellaceae,genus,2.0,https://www.ebi.ac.uk/metagenomics/api/v1/annotations/organisms/Bacteria%253AFirmicutes%253AClostridia%253AClostridiales%253AVeillonellaceae%253APectinatus,,MGYA00005308,8858.0,99.9887120442,7793.0,87.9670391692,7363.0,83.1226010386,7358.0,83.0755334763,848.0,10.5814824058,54.0,1.0061486864,,
87,organisms,Bacteria:Firmicutes:Clostridia:Clostridiales:Ruminococcaceae:Oscillospira:guilliermondii,1,Bacteria:Firmicutes:Clostridia:Clostridiales:Ruminococcaceae:Oscillospira:guilliermondii,Clostridia,Firmicutes,Clostridiales,Bacteria,Ruminococcaceae,Oscillospira,Bacteria,guilliermondii,Oscillospira,species,2.0,https://www.ebi.ac.uk/metagenomics/api/v1/annotations/organisms/Bacteria%253AFirmicutes%253AClostridia%253AClostridiales%253ARuminococcaceae%253AOscillospira%253Aguilliermondii,guilliermondii,MGYA00005308,8858.0,99.9887120442,7793.0,87.9670391692,7363.0,83.1226010386,7358.0,83.0755334763,2231.0,27.8387821313,135.0,2.515371716,1.0,0.0672494956
88,organisms,Bacteria:Bacteroidetes:Bacteroidia:Bacteroidales:Bacteroidaceae:Bacteroides:caccae,2,Bacteria:Bacteroidetes:Bacteroidia:Bacteroidales:Bacteroidaceae:Bacteroides:caccae,Bacteroidia,Bacteroidetes,Bacteroidales,Bacteria,Bacteroidaceae,Bacteroides,Bacteria,caccae,Bacteroides,species,2.0,https://www.ebi.ac.uk/metagenomics/api/v1/annotations/organisms/Bacteria%253ABacteroidetes%253ABacteroidia%253ABacteroidales%253ABacteroidaceae%253ABacteroides%253Acaccae,caccae,MGYA00005308,8858.0,99.9887120442,871.0,9.8318094593,871.0,9.8329193949,871.0,9.8340295811,291.0,3.6311454954,290.0,5.4033910937,2.0,0.1344989913
89,organisms,Bacteria:Firmicutes:Clostridia:Clostridiales:Mogibacteriaceae,14,Bacteria:Firmicutes:Clostridia:Clostridiales:Mogibacteriaceae,Clostridia,Firmicutes,Clostridiales,Bacteria,Mogibacteriaceae,,Bacteria,Mogibacteriaceae,Clostridiales,family,2.0,https://www.ebi.ac.uk/metagenomics/api/v1/annotations/organisms/Bacteria%253AFirmicutes%253AClostridia%253AClostridiales%253AMogibacteriaceae,,MGYA00005308,8858.0,99.9887120442,7793.0,87.9670391692,7363.0,83.1226010386,7358.0,83.0755334763,15.0,0.1871724482,,,,
90,organisms,Bacteria:Firmicutes:Clostridia:Clostridiales:Lachnospiraceae:Coprococcus:eutactus,40,Bacteria:Firmicutes:Clostridia:Clostridiales:Lachnospiraceae:Coprococcus:eutactus,Clostridia,Firmicutes,Clostridiales,Bacteria,Lachnospiraceae,Coprococcus,Bacteria,eutactus,Coprococcus,species,2.0,https://www.ebi.ac.uk/metagenomics/api/v1/annotations/organisms/Bacteria%253AFirmicutes%253AClostridia%253AClostridiales%253ALachnospiraceae%253ACoprococcus%253Aeutactus,eutactus,MGYA00005308,8858.0,99.9887120442,7793.0,87.9670391692,7363.0,83.1226010386,7358.0,83.0755334763,3262.0,40.7037684053,420.0,7.8256008944,40.0,2.6899798252
91,organisms,Bacteria:Bacteroidetes:Bacteroidia:Bacteroidales:Bacteroidaceae:Bacteroides:uniformis,12,Bacteria:Bacteroidetes:Bacteroidia:Bacteroidales:Bacteroidaceae:Bacteroides:uniformis,Bacteroidia,Bacteroidetes,Bacteroidales,Bacteria,Bacteroidaceae,Bacteroides,Bacteria,uniformis,Bacteroides,species,2.0,https://www.ebi.ac.uk/metagenomics/api/v1/annotations/organisms/Bacteria%253ABacteroidetes%253ABacteroidia%253ABacteroidales%253ABacteroidaceae%253ABacteroides%253Auniformis,uniformis,MGYA00005308,8858.0,99.9887120442,871.0,9.8318094593,871.0,9.8329193949,871.0,9.8340295811,291.0,3.6311454954,290.0,5.4033910937,12.0,0.8069939475
92,organisms,Bacteria:Firmicutes:Erysipelotrichi:Erysipelotrichales:Erysipelotrichaceae:Coprobacillus:cateniformis,1,Bacteria:Firmicutes:Erysipelotrichi:Erysipelotrichales:Erysipelotrichaceae:Coprobacillus:cateniformis,Erysipelotrichi,Firmicutes,Erysipelotrichales,Bacteria,Erysipelotrichaceae,Coprobacillus,Bacteria,cateniformis,Coprobacillus,species,2.0,https://www.ebi.ac.uk/metagenomics/api/v1/annotations/organisms/Bacteria%253AFirmicutes%253AErysipelotrichi%253AErysipelotrichales%253AErysipelotrichaceae%253ACoprobacillus%253Acateniformis,cateniformis,MGYA00005308,8858.0,99.9887120442,7793.0,87.9670391692,94.0,1.061187627,94.0,1.0613074404,94.0,1.1729473422,6.0,0.1117942985,1.0,0.0672494956
93,organisms,Bacteria:Firmicutes:Clostridia:Clostridiales:Lachnospiraceae:Dorea,103,Bacteria:Firmicutes:Clostridia:Clostridiales:Lachnospiraceae:Dorea,Clostridia,Firmicutes,Clostridiales,Bacteria,Lachnospiraceae,Dorea,Bacteria,Dorea,Lachnospiraceae,genus,2.0,https://www.ebi.ac.uk/metagenomics/api/v1/annotations/organisms/Bacteria%253AFirmicutes%253AClostridia%253AClostridiales%253ALachnospiraceae%253ADorea,,MGYA00005308,8858.0,99.9887120442,7793.0,87.9670391692,7363.0,83.1226010386,7358.0,83.0755334763,3262.0,40.7037684053,124.0,2.3104155021,,
94,organisms,Bacteria:Firmicutes:Bacilli:Lactobacillales:Streptococcaceae:Streptococcus,97,Bacteria:Firmicutes:Bacilli:Lactobacillales:Streptococcaceae:Streptococcus,Bacilli,Firmicutes,Lactobacillales,Bacteria,Streptococcaceae,Streptococcus,Bacteria,Streptococcus,Streptococcaceae,genus,2.0,https://www.ebi.ac.uk/metagenomics/api/v1/annotations/organisms/Bacteria%253AFirmicutes%253ABacilli%253ALactobacillales%253AStreptococcaceae%253AStreptococcus,,MGYA00005308,8858.0,99.9887120442,7793.0,87.9670391692,336.0,3.793181305,106.0,1.1967934967,99.0,1.2353381582,98.0,1.825973542,,
95,organisms,Bacteria:Firmicutes:Clostridia:Clostridiales:Veillonellaceae:vadinHB04,3,Bacteria:Firmicutes:Clostridia:Clostridiales:Veillonellaceae:vadinHB04,Clostridia,Firmicutes,Clostridiales,Bacteria,Veillonellaceae,vadinHB04,Bacteria,vadinHB04,Veillonellaceae,genus,2.0,https://www.ebi.ac.uk/metagenomics/api/v1/annotations/organisms/Bacteria%253AFirmicutes%253AClostridia%253AClostridiales%253AVeillonellaceae%253AvadinHB04,,MGYA00005308,8858.0,99.9887120442,7793.0,87.9670391692,7363.0,83.1226010386,7358.0,83.0755334763,848.0,10.5814824058,3.0,0.0558971492,,
96,organisms,Bacteria:Firmicutes:Clostridia:Clostridiales:Veillonellaceae:Sporomusa,2,Bacteria:Firmicutes:Clostridia:Clostridiales:Veillonellaceae:Sporomusa,Clostridia,Firmicutes,Clostridiales,Bacteria,Veillonellaceae,Sporomusa,Bacteria,Sporomusa,Veillonellaceae,genus,2.0,https://www.ebi.ac.uk/metagenomics/api/v1/annotations/organisms/Bacteria%253AFirmicutes%253AClostridia%253AClostridiales%253AVeillonellaceae%253ASporomusa,,MGYA00005308,8858.0,99.9887120442,7793.0,87.9670391692,7363.0,83.1226010386,7358.0,83.0755334763,848.0,10.5814824058,2.0,0.0372647662,,
97,organisms,Bacteria:Firmicutes:Clostridia:Clostridiales:Christensenellaceae,18,Bacteria:Firmicutes:Clostridia:Clostridiales:Christensenellaceae,Clostridia,Firmicutes,Clostridiales,Bacteria,Christensenellaceae,,Bacteria,Christensenellaceae,Clostridiales,family,2.0,https://www.ebi.ac.uk/metagenomics/api/v1/annotations/organisms/Bacteria%253AFirmicutes%253AClostridia%253AClostridiales%253AChristensenellaceae,,MGYA00005308,8858.0,99.9887120442,7793.0,87.9670391692,7363.0,83.1226010386,7358.0,83.0755334763,18.0,0.2246069379,,,,
98,organisms,Bacteria:Actinobacteria:Coriobacteriia:Coriobacteriales:Coriobacteriaceae:Collinsella,16,Bacteria:Actinobacteria:Coriobacteriia:Coriobacteriales:Coriobacteriaceae:Collinsella,Coriobacteriia,Actinobacteria,Coriobacteriales,Bacteria,Coriobacteriaceae,Collinsella,Bacteria,Collinsella,Coriobacteriaceae,genus,2.0,https://www.ebi.ac.uk/metagenomics/api/v1/annotations/organisms/Bacteria%253AActinobacteria%253ACoriobacteriia%253ACoriobacteriales%253ACoriobacteriaceae%253ACollinsella,,MGYA00005308,8858.0,99.9887120442,128.0,1.4448583362,83.0,0.9370060962,83.0,0.9371118889,83.0,1.0356875468,59.0,1.0993106018,,
99,organisms,Bacteria:Bacteroidetes:Bacteroidia:Bacteroidales:S24-7,1,Bacteria:Bacteroidetes:Bacteroidia:Bacteroidales:S24-7,Bacteroidia,Bacteroidetes,Bacteroidales,Bacteria,S24-7,,Bacteria,S24-7,Bacteroidales,family,2.0,https://www.ebi.ac.uk/metagenomics/api/v1/annotations/organisms/Bacteria%253ABacteroidetes%253ABacteroidia%253ABacteroidales%253AS24-7,,MGYA00005308,8858.0,99.9887120442,871.0,9.8318094593,871.0,9.8329193949,871.0,9.8340295811,1.0,0.0124781632,,,,
100,organisms,Bacteria:Actinobacteria:Actinobacteria:Bifidobacteriales:Bifidobacteriaceae:Bifidobacterium:adolescentis,8,Bacteria:Actinobacteria:Actinobacteria:Bifidobacteriales:Bifidobacteriaceae:Bifidobacterium:adolescentis,Actinobacteria,Actinobacteria,Bifidobacteriales,Bacteria,Bifidobacteriaceae,Bifidobacterium,Bacteria,adolescentis,Bifidobacterium,species,2.0,https://www.ebi.ac.uk/metagenomics/api/v1/annotations/organisms/Bacteria%253AActinobacteria%253AActinobacteria%253ABifidobacteriales%253ABifidobacteriaceae%253ABifidobacterium%253Aadolescentis,adolescentis,MGYA00005308,8858.0,99.9887120442,128.0,1.4448583362,44.0,0.4967261233,39.0,0.4403296827,39.0,0.4866483654,37.0,0.689398174,8.0,0.537995965
101,organisms,Bacteria:Actinobacteria:Acidimicrobiia:Acidimicrobiales:C111,1,Bacteria:Actinobacteria:Acidimicrobiia:Acidimicrobiales:C111,Acidimicrobiia,Actinobacteria,Acidimicrobiales,Bacteria,C111,,Bacteria,C111,Acidimicrobiales,family,2.0,https://www.ebi.ac.uk/metagenomics/api/v1/annotations/organisms/Bacteria%253AActinobacteria%253AAcidimicrobiia%253AAcidimicrobiales%253AC111,,MGYA00005308,8858.0,99.9887120442,128.0,1.4448583362,1.0,0.0112892301,1.0,0.0112905047,1.0,0.0124781632,,,,
102,organisms,Bacteria:Bacteroidetes:Bacteroidia:Bacteroidales:Bacteroidaceae:Bacteroides,224,Bacteria:Bacteroidetes:Bacteroidia:Bacteroidales:Bacteroidaceae:Bacteroides,Bacteroidia,Bacteroidetes,Bacteroidales,Bacteria,Bacteroidaceae,Bacteroides,Bacteria,Bacteroides,Bacteroidaceae,genus,2.0,https://www.ebi.ac.uk/metagenomics/api/v1/annotations/organisms/Bacteria%253ABacteroidetes%253ABacteroidia%253ABacteroidales%253ABacteroidaceae%253ABacteroides,,MGYA00005308,8858.0,99.9887120442,871.0,9.8318094593,871.0,9.8329193949,871.0,9.8340295811,291.0,3.6311454954,290.0,5.4033910937,,
103,organisms,Bacteria:Proteobacteria:Betaproteobacteria:Burkholderiales:Alcaligenaceae:Sutterella,16,Bacteria:Proteobacteria:Betaproteobacteria:Burkholderiales:Alcaligenaceae:Sutterella,Betaproteobacteria,Proteobacteria,Burkholderiales,Bacteria,Alcaligenaceae,Sutterella,Bacteria,Sutterella,Alcaligenaceae,genus,2.0,https://www.ebi.ac.uk/metagenomics/api/v1/annotations/organisms/Bacteria%253AProteobacteria%253ABetaproteobacteria%253ABurkholderiales%253AAlcaligenaceae%253ASutterella,,MGYA00005308,8858.0,99.9887120442,52.0,0.5869736991,21.0,0.2370738316,20.0,0.2258100937,16.0,0.1996506114,16.0,0.2981181293,,
104,organisms,Bacteria:Firmicutes:Clostridia:Clostridiales:Ruminococcaceae:Ruminococcus:flavefaciens,9,Bacteria:Firmicutes:Clostridia:Clostridiales:Ruminococcaceae:Ruminococcus:flavefaciens,Clostridia,Firmicutes,Clostridiales,Bacteria,Ruminococcaceae,Ruminococcus,Bacteria,flavefaciens,Ruminococcus,species,2.0,https://www.ebi.ac.uk/metagenomics/api/v1/annotations/organisms/Bacteria%253AFirmicutes%253AClostridia%253AClostridiales%253ARuminococcaceae%253ARuminococcus%253Aflavefaciens,flavefaciens,MGYA00005308,8858.0,99.9887120442,7793.0,87.9670391692,7363.0,83.1226010386,7358.0,83.0755334763,2231.0,27.8387821313,310.0,5.7760387554,9.0,0.6052454607
105,organisms,Bacteria:Firmicutes:Clostridia:Clostridiales:Ruminococcaceae,1234,Bacteria:Firmicutes:Clostridia:Clostridiales:Ruminococcaceae,Clostridia,Firmicutes,Clostridiales,Bacteria,Ruminococcaceae,,Bacteria,Ruminococcaceae,Clostridiales,family,2.0,https://www.ebi.ac.uk/metagenomics/api/v1/annotations/organisms/Bacteria%253AFirmicutes%253AClostridia%253AClostridiales%253ARuminococcaceae,,MGYA00005308,8858.0,99.9887120442,7793.0,87.9670391692,7363.0,83.1226010386,7358.0,83.0755334763,2231.0,27.8387821313,,,,
106,organisms,Bacteria:Firmicutes:Clostridia:Clostridiales:Clostridiaceae:Clostridium,47,Bacteria:Firmicutes:Clostridia:Clostridiales:Clostridiaceae:Clostridium,Clostridia,Firmicutes,Clostridiales,Bacteria,Clostridiaceae,Clostridium,Bacteria,Clostridium,Clostridiaceae,genus,2.0,https://www.ebi.ac.uk/metagenomics/api/v1/annotations/organisms/Bacteria%253AFirmicutes%253AClostridia%253AClostridiales%253AClostridiaceae%253AClostridium,,MGYA00005308,8858.0,99.9887120442,7793.0,87.9670391692,7363.0,83.1226010386,7358.0,83.0755334763,165.0,2.0588969304,52.0,0.9688839203,,
107,organisms,Bacteria:Bacteroidetes:Bacteroidia:Bacteroidales:Prevotellaceae:Prevotella,43,Bacteria:Bacteroidetes:Bacteroidia:Bacteroidales:Prevotellaceae:Prevotella,Bacteroidia,Bacteroidetes,Bacteroidales,Bacteria,Prevotellaceae,Prevotella,Bacteria,Prevotella,Prevotellaceae,genus,2.0,https://www.ebi.ac.uk/metagenomics/api/v1/annotations/organisms/Bacteria%253ABacteroidetes%253ABacteroidia%253ABacteroidales%253APrevotellaceae%253APrevotella,,MGYA00005308,8858.0,99.9887120442,871.0,9.8318094593,871.0,9.8329193949,871.0,9.8340295811,485.0,6.051909159,495.0,9.2230296255,,
108,organisms,Bacteria:Actinobacteria:Coriobacteriia:Coriobacteriales:Coriobacteriaceae:Atopobium:vaginae,1,Bacteria:Actinobacteria:Coriobacteriia:Coriobacteriales:Coriobacteriaceae:Atopobium:vaginae,Coriobacteriia,Actinobacteria,Coriobacteriales,Bacteria,Coriobacteriaceae,Atopobium,Bacteria,vaginae,Atopobium,species,2.0,https://www.ebi.ac.uk/metagenomics/api/v1/annotations/organisms/Bacteria%253AActinobacteria%253ACoriobacteriia%253ACoriobacteriales%253ACoriobacteriaceae%253AAtopobium%253Avaginae,vaginae,MGYA00005308,8858.0,99.9887120442,128.0,1.4448583362,83.0,0.9370060962,83.0,0.9371118889,83.0,1.0356875468,1.0,0.0186323831,1.0,0.0672494956
109,organisms,Bacteria:Bacteroidetes:Bacteroidia:Bacteroidales:Porphyromonadaceae:Parabacteroides:distasonis,5,Bacteria:Bacteroidetes:Bacteroidia:Bacteroidales:Porphyromonadaceae:Parabacteroides:distasonis,Bacteroidia,Bacteroidetes,Bacteroidales,Bacteria,Porphyromonadaceae,Parabacteroides,Bacteria,distasonis,Parabacteroides,species,2.0,https://www.ebi.ac.uk/metagenomics/api/v1/annotations/organisms/Bacteria%253ABacteroidetes%253ABacteroidia%253ABacteroidales%253APorphyromonadaceae%253AParabacteroides%253Adistasonis,distasonis,MGYA00005308,8858.0,99.9887120442,871.0,9.8318094593,871.0,9.8329193949,871.0,9.8340295811,19.0,0.2370851011,17.0,0.3167505124,5.0,0.3362474781
110,organisms,Bacteria:Firmicutes:Clostridia:Clostridiales:Lachnospiraceae:Dorea:formicigenerans,21,Bacteria:Firmicutes:Clostridia:Clostridiales:Lachnospiraceae:Dorea:formicigenerans,Clostridia,Firmicutes,Clostridiales,Bacteria,Lachnospiraceae,Dorea,Bacteria,formicigenerans,Dorea,species,2.0,https://www.ebi.ac.uk/metagenomics/api/v1/annotations/organisms/Bacteria%253AFirmicutes%253AClostridia%253AClostridiales%253ALachnospiraceae%253ADorea%253Aformicigenerans,formicigenerans,MGYA00005308,8858.0,99.9887120442,7793.0,87.9670391692,7363.0,83.1226010386,7358.0,83.0755334763,3262.0,40.7037684053,124.0,2.3104155021,21.0,1.4122394082
111,organisms,Bacteria:Proteobacteria:Betaproteobacteria:Burkholderiales:Comamonadaceae,3,Bacteria:Proteobacteria:Betaproteobacteria:Burkholderiales:Comamonadaceae,Betaproteobacteria,Proteobacteria,Burkholderiales,Bacteria,Comamonadaceae,,Bacteria,Comamonadaceae,Burkholderiales,family,2.0,https://www.ebi.ac.uk/metagenomics/api/v1/annotations/organisms/Bacteria%253AProteobacteria%253ABetaproteobacteria%253ABurkholderiales%253AComamonadaceae,,MGYA00005308,8858.0,99.9887120442,52.0,0.5869736991,21.0,0.2370738316,20.0,0.2258100937,3.0,0.0374344896,,,,
112,organisms,Bacteria:Firmicutes:Clostridia:Clostridiales:Tissierellaceae:Parvimonas,1,Bacteria:Firmicutes:Clostridia:Clostridiales:Tissierellaceae:Parvimonas,Clostridia,Firmicutes,Clostridiales,Bacteria,Tissierellaceae,Parvimonas,Bacteria,Parvimonas,Tissierellaceae,genus,2.0,https://www.ebi.ac.uk/metagenomics/api/v1/annotations/organisms/Bacteria%253AFirmicutes%253AClostridia%253AClostridiales%253ATissierellaceae%253AParvimonas,,MGYA00005308,8858.0,99.9887120442,7793.0,87.9670391692,7363.0,83.1226010386,7358.0,83.0755334763,1.0,0.0124781632,1.0,0.0186323831,,
113,organisms,Bacteria:Firmicutes:Clostridia:Clostridiales:Ruminococcaceae:Ruminococcus:callidus,1,Bacteria:Firmicutes:Clostridia:Clostridiales:Ruminococcaceae:Ruminococcus:callidus,Clostridia,Firmicutes,Clostridiales,Bacteria,Ruminococcaceae,Ruminococcus,Bacteria,callidus,Ruminococcus,species,2.0,https://www.ebi.ac.uk/metagenomics/api/v1/annotations/organisms/Bacteria%253AFirmicutes%253AClostridia%253AClostridiales%253ARuminococcaceae%253ARuminococcus%253Acallidus,callidus,MGYA00005308,8858.0,99.9887120442,7793.0,87.9670391692,7363.0,83.1226010386,7358.0,83.0755334763,2231.0,27.8387821313,310.0,5.7760387554,1.0,0.0672494956
114,organisms,Bacteria:Bacteroidetes:Bacteroidia:Bacteroidales:Porphyromonadaceae:Dysgonomonas,2,Bacteria:Bacteroidetes:Bacteroidia:Bacteroidales:Porphyromonadaceae:Dysgonomonas,Bacteroidia,Bacteroidetes,Bacteroidales,Bacteria,Porphyromonadaceae,Dysgonomonas,Bacteria,Dysgonomonas,Porphyromonadaceae,genus,2.0,https://www.ebi.ac.uk/metagenomics/api/v1/annotations/organisms/Bacteria%253ABacteroidetes%253ABacteroidia%253ABacteroidales%253APorphyromonadaceae%253ADysgonomonas,,MGYA00005308,8858.0,99.9887120442,871.0,9.8318094593,871.0,9.8329193949,871.0,9.8340295811,19.0,0.2370851011,2.0,0.0372647662,,
115,organisms,Bacteria:Firmicutes:Clostridia:Clostridiales:Lachnospiraceae:Syntrophococcus:sucromutans,1,Bacteria:Firmicutes:Clostridia:Clostridiales:Lachnospiraceae:Syntrophococcus:sucromutans,Clostridia,Firmicutes,Clostridiales,Bacteria,Lachnospiraceae,Syntrophococcus,Bacteria,sucromutans,Syntrophococcus,species,2.0,https://www.ebi.ac.uk/metagenomics/api/v1/annotations/organisms/Bacteria%253AFirmicutes%253AClostridia%253AClostridiales%253ALachnospiraceae%253ASyntrophococcus%253Asucromutans,sucromutans,MGYA00005308,8858.0,99.9887120442,7793.0,87.9670391692,7363.0,83.1226010386,7358.0,83.0755334763,3262.0,40.7037684053,1.0,0.0186323831,1.0,0.0672494956
116,organisms,Bacteria:Bacteroidetes:Bacteroidia:Bacteroidales:Paraprevotellaceae:Paraprevotella,24,Bacteria:Bacteroidetes:Bacteroidia:Bacteroidales:Paraprevotellaceae:Paraprevotella,Bacteroidia,Bacteroidetes,Bacteroidales,Bacteria,Paraprevotellaceae,Paraprevotella,Bacteria,Paraprevotella,Paraprevotellaceae,genus,2.0,https://www.ebi.ac.uk/metagenomics/api/v1/annotations/organisms/Bacteria%253ABacteroidetes%253ABacteroidia%253ABacteroidales%253AParaprevotellaceae%253AParaprevotella,,MGYA00005308,8858.0,99.9887120442,871.0,9.8318094593,871.0,9.8329193949,871.0,9.8340295811,37.0,0.4616920389,24.0,0.447177194,,
117,organisms,Bacteria:Firmicutes:Clostridia:Clostridiales:Peptostreptococcaceae:Clostridium:maritimum,2,Bacteria:Firmicutes:Clostridia:Clostridiales:Peptostreptococcaceae:Clostridium:maritimum,Clostridia,Firmicutes,Clostridiales,Bacteria,Peptostreptococcaceae,Clostridium,Bacteria,maritimum,Clostridium,species,2.0,https://www.ebi.ac.uk/metagenomics/api/v1/annotations/organisms/Bacteria%253AFirmicutes%253AClostridia%253AClostridiales%253APeptostreptococcaceae%253AClostridium%253Amaritimum,maritimum,MGYA00005308,8858.0,99.9887120442,7793.0,87.9670391692,7363.0,83.1226010386,7358.0,83.0755334763,27.0,0.3369104068,52.0,0.9688839203,2.0,0.1344989913
118,organisms,Bacteria:Firmicutes:Clostridia:Clostridiales:Veillonellaceae:Phascolarctobacterium,77,Bacteria:Firmicutes:Clostridia:Clostridiales:Veillonellaceae:Phascolarctobacterium,Clostridia,Firmicutes,Clostridiales,Bacteria,Veillonellaceae,Phascolarctobacterium,Bacteria,Phascolarctobacterium,Veillonellaceae,genus,2.0,https://www.ebi.ac.uk/metagenomics/api/v1/annotations/organisms/Bacteria%253AFirmicutes%253AClostridia%253AClostridiales%253AVeillonellaceae%253APhascolarctobacterium,,MGYA00005308,8858.0,99.9887120442,7793.0,87.9670391692,7363.0,83.1226010386,7358.0,83.0755334763,848.0,10.5814824058,77.0,1.4346934973,,
119,organisms,Bacteria:Bacteroidetes:Bacteroidia:Bacteroidales:Paraprevotellaceae:Prevotella,11,Bacteria:Bacteroidetes:Bacteroidia:Bacteroidales:Paraprevotellaceae:Prevotella,Bacteroidia,Bacteroidetes,Bacteroidales,Bacteria,Paraprevotellaceae,Prevotella,Bacteria,Prevotella,Paraprevotellaceae,genus,2.0,https://www.ebi.ac.uk/metagenomics/api/v1/annotations/organisms/Bacteria%253ABacteroidetes%253ABacteroidia%253ABacteroidales%253AParaprevotellaceae%253APrevotella,,MGYA00005308,8858.0,99.9887120442,871.0,9.8318094593,871.0,9.8329193949,871.0,9.8340295811,37.0,0.4616920389,495.0,9.2230296255,,
120,organisms,Bacteria:Bacteroidetes:Bacteroidia:Bacteroidales:Odoribacteraceae:Butyricimonas,9,Bacteria:Bacteroidetes:Bacteroidia:Bacteroidales:Odoribacteraceae:Butyricimonas,Bacteroidia,Bacteroidetes,Bacteroidales,Bacteria,Odoribacteraceae,Butyricimonas,Bacteria,Butyricimonas,Odoribacteraceae,genus,2.0,https://www.ebi.ac.uk/metagenomics/api/v1/annotations/organisms/Bacteria%253ABacteroidetes%253ABacteroidia%253ABacteroidales%253AOdoribacteraceae%253AButyricimonas,,MGYA00005308,8858.0,99.9887120442,871.0,9.8318094593,871.0,9.8329193949,871.0,9.8340295811,10.0,0.1247816321,9.0,0.1676914477,,
121,organisms,Bacteria:Actinobacteria:Coriobacteriia:Coriobacteriales:Coriobacteriaceae:Slackia,5,Bacteria:Actinobacteria:Coriobacteriia:Coriobacteriales:Coriobacteriaceae:Slackia,Coriobacteriia,Actinobacteria,Coriobacteriales,Bacteria,Coriobacteriaceae,Slackia,Bacteria,Slackia,Coriobacteriaceae,genus,2.0,https://www.ebi.ac.uk/metagenomics/api/v1/annotations/organisms/Bacteria%253AActinobacteria%253ACoriobacteriia%253ACoriobacteriales%253ACoriobacteriaceae%253ASlackia,,MGYA00005308,8858.0,99.9887120442,128.0,1.4448583362,83.0,0.9370060962,83.0,0.9371118889,83.0,1.0356875468,5.0,0.0931619154,,
122,organisms,Bacteria:Actinobacteria:Coriobacteriia:Coriobacteriales:Coriobacteriaceae,14,Bacteria:Actinobacteria:Coriobacteriia:Coriobacteriales:Coriobacteriaceae,Coriobacteriia,Actinobacteria,Coriobacteriales,Bacteria,Coriobacteriaceae,,Bacteria,Coriobacteriaceae,Coriobacteriales,family,2.0,https://www.ebi.ac.uk/metagenomics/api/v1/annotations/organisms/Bacteria%253AActinobacteria%253ACoriobacteriia%253ACoriobacteriales%253ACoriobacteriaceae,,MGYA00005308,8858.0,99.9887120442,128.0,1.4448583362,83.0,0.9370060962,83.0,0.9371118889,83.0,1.0356875468,,,,
123,organisms,Bacteria:Firmicutes:Clostridia:Clostridiales:Lachnospiraceae:Marvinbryantia:formatexigens,3,Bacteria:Firmicutes:Clostridia:Clostridiales:Lachnospiraceae:Marvinbryantia:formatexigens,Clostridia,Firmicutes,Clostridiales,Bacteria,Lachnospiraceae,Marvinbryantia,Bacteria,formatexigens,Marvinbryantia,species,2.0,https://www.ebi.ac.uk/metagenomics/api/v1/annotations/organisms/Bacteria%253AFirmicutes%253AClostridia%253AClostridiales%253ALachnospiraceae%253AMarvinbryantia%253Aformatexigens,formatexigens,MGYA00005308,8858.0,99.9887120442,7793.0,87.9670391692,7363.0,83.1226010386,7358.0,83.0755334763,3262.0,40.7037684053,3.0,0.0558971492,3.0,0.2017484869
124,organisms,Bacteria:Firmicutes:Bacilli:Bacillales:Bacillaceae,46,Bacteria:Firmicutes:Bacilli:Bacillales:Bacillaceae,Bacilli,Firmicutes,Bacillales,Bacteria,Bacillaceae,,Bacteria,Bacillaceae,Bacillales,family,2.0,https://www.ebi.ac.uk/metagenomics/api/v1/annotations/organisms/Bacteria%253AFirmicutes%253ABacilli%253ABacillales%253ABacillaceae,,MGYA00005308,8858.0,99.9887120442,7793.0,87.9670391692,336.0,3.793181305,84.0,0.9484023936,48.0,0.5989518343,,,,
125,organisms,Bacteria:Proteobacteria:Zetaproteobacteria:Mariprofundales:Mariprofundaceae:Mariprofundus,1,Bacteria:Proteobacteria:Zetaproteobacteria:Mariprofundales:Mariprofundaceae:Mariprofundus,Zetaproteobacteria,Proteobacteria,Mariprofundales,Bacteria,Mariprofundaceae,Mariprofundus,Bacteria,Mariprofundus,Mariprofundaceae,genus,2.0,https://www.ebi.ac.uk/metagenomics/api/v1/annotations/organisms/Bacteria%253AProteobacteria%253AZetaproteobacteria%253AMariprofundales%253AMariprofundaceae%253AMariprofundus,,MGYA00005308,8858.0,99.9887120442,52.0,0.5869736991,1.0,0.0112892301,1.0,0.0112905047,1.0,0.0124781632,1.0,0.0186323831,,
126,organisms,Bacteria:Firmicutes:Clostridia:Clostridiales:Ruminococcaceae:Clostridium:methylpentosum,1,Bacteria:Firmicutes:Clostridia:Clostridiales:Ruminococcaceae:Clostridium:methylpentosum,Clostridia,Firmicutes,Clostridiales,Bacteria,Ruminococcaceae,Clostridium,Bacteria,methylpentosum,Clostridium,species,2.0,https://www.ebi.ac.uk/metagenomics/api/v1/annotations/organisms/Bacteria%253AFirmicutes%253AClostridia%253AClostridiales%253ARuminococcaceae%253AClostridium%253Amethylpentosum,methylpentosum,MGYA00005308,8858.0,99.9887120442,7793.0,87.9670391692,7363.0,83.1226010386,7358.0,83.0755334763,2231.0,27.8387821313,52.0,0.9688839203,1.0,0.0672494956
127,organisms,Bacteria:Firmicutes:Clostridia:Clostridiales:Veillonellaceae:Megamonas,290,Bacteria:Firmicutes:Clostridia:Clostridiales:Veillonellaceae:Megamonas,Clostridia,Firmicutes,Clostridiales,Bacteria,Veillonellaceae,Megamonas,Bacteria,Megamonas,Veillonellaceae,genus,2.0,https://www.ebi.ac.uk/metagenomics/api/v1/annotations/organisms/Bacteria%253AFirmicutes%253AClostridia%253AClostridiales%253AVeillonellaceae%253AMegamonas,,MGYA00005308,8858.0,99.9887120442,7793.0,87.9670391692,7363.0,83.1226010386,7358.0,83.0755334763,848.0,10.5814824058,291.0,5.4220234768,,
128,organisms,Bacteria:Firmicutes:Bacilli:Bacillales:Bacillaceae:Anaerobacillus,1,Bacteria:Firmicutes:Bacilli:Bacillales:Bacillaceae:Anaerobacillus,Bacilli,Firmicutes,Bacillales,Bacteria,Bacillaceae,Anaerobacillus,Bacteria,Anaerobacillus,Bacillaceae,genus,2.0,https://www.ebi.ac.uk/metagenomics/api/v1/annotations/organisms/Bacteria%253AFirmicutes%253ABacilli%253ABacillales%253ABacillaceae%253AAnaerobacillus,,MGYA00005308,8858.0,99.9887120442,7793.0,87.9670391692,336.0,3.793181305,84.0,0.9484023936,48.0,0.5989518343,1.0,0.0186323831,,
129,organisms,Bacteria:Firmicutes:Clostridia:Clostridiales:Lachnospiraceae,1114,Bacteria:Firmicutes:Clostridia:Clostridiales:Lachnospiraceae,Clostridia,Firmicutes,Clostridiales,Bacteria,Lachnospiraceae,,Bacteria,Lachnospiraceae,Clostridiales,family,2.0,https://www.ebi.ac.uk/metagenomics/api/v1/annotations/organisms/Bacteria%253AFirmicutes%253AClostridia%253AClostridiales%253ALachnospiraceae,,MGYA00005308,8858.0,99.9887120442,7793.0,87.9670391692,7363.0,83.1226010386,7358.0,83.0755334763,3262.0,40.7037684053,,,,
130,organisms,Bacteria:Firmicutes:Clostridia:Clostridiales:Lachnospiraceae:Lachnospira:pectinoschiza,27,Bacteria:Firmicutes:Clostridia:Clostridiales:Lachnospiraceae:Lachnospira:pectinoschiza,Clostridia,Firmicutes,Clostridiales,Bacteria,Lachnospiraceae,Lachnospira,Bacteria,pectinoschiza,Lachnospira,species,2.0,https://www.ebi.ac.uk/metagenomics/api/v1/annotations/organisms/Bacteria%253AFirmicutes%253AClostridia%253AClostridiales%253ALachnospiraceae%253ALachnospira%253Apectinoschiza,pectinoschiza,MGYA00005308,8858.0,99.9887120442,7793.0,87.9670391692,7363.0,83.1226010386,7358.0,83.0755334763,3262.0,40.7037684053,510.0,9.5025153717,27.0,1.815736382
131,organisms,Bacteria:Firmicutes:Clostridia:Clostridiales:Lachnospiraceae:Roseburia,255,Bacteria:Firmicutes:Clostridia:Clostridiales:Lachnospiraceae:Roseburia,Clostridia,Firmicutes,Clostridiales,Bacteria,Lachnospiraceae,Roseburia,Bacteria,Roseburia,Lachnospiraceae,genus,2.0,https://www.ebi.ac.uk/metagenomics/api/v1/annotations/organisms/Bacteria%253AFirmicutes%253AClostridia%253AClostridiales%253ALachnospiraceae%253ARoseburia,,MGYA00005308,8858.0,99.9887120442,7793.0,87.9670391692,7363.0,83.1226010386,7358.0,83.0755334763,3262.0,40.7037684053,258.0,4.8071548351,,
132,organisms,Bacteria:Proteobacteria:Gammaproteobacteria:Enterobacteriales:Enterobacteriaceae:Plesiomonas:shigelloides,1,Bacteria:Proteobacteria:Gammaproteobacteria:Enterobacteriales:Enterobacteriaceae:Plesiomonas:shigelloides,Gammaproteobacteria,Proteobacteria,Enterobacteriales,Bacteria,Enterobacteriaceae,Plesiomonas,Bacteria,shigelloides,Plesiomonas,species,2.0,https://www.ebi.ac.uk/metagenomics/api/v1/annotations/organisms/Bacteria%253AProteobacteria%253AGammaproteobacteria%253AEnterobacteriales%253AEnterobacteriaceae%253APlesiomonas%253Ashigelloides,shigelloides,MGYA00005308,8858.0,99.9887120442,52.0,0.5869736991,24.0,0.2709415218,10.0,0.1129050469,10.0,0.1247816321,1.0,0.0186323831,1.0,0.0672494956
133,organisms,Bacteria:Firmicutes:Erysipelotrichi:Erysipelotrichales:Erysipelotrichaceae,77,Bacteria:Firmicutes:Erysipelotrichi:Erysipelotrichales:Erysipelotrichaceae,Erysipelotrichi,Firmicutes,Erysipelotrichales,Bacteria,Erysipelotrichaceae,,Bacteria,Erysipelotrichaceae,Erysipelotrichales,family,2.0,https://www.ebi.ac.uk/metagenomics/api/v1/annotations/organisms/Bacteria%253AFirmicutes%253AErysipelotrichi%253AErysipelotrichales%253AErysipelotrichaceae,,MGYA00005308,8858.0,99.9887120442,7793.0,87.9670391692,94.0,1.061187627,94.0,1.0613074404,94.0,1.1729473422,,,,
134,organisms,Bacteria:Firmicutes:Clostridia:Clostridiales:Lachnospiraceae:Lachnobacterium,12,Bacteria:Firmicutes:Clostridia:Clostridiales:Lachnospiraceae:Lachnobacterium,Clostridia,Firmicutes,Clostridiales,Bacteria,Lachnospiraceae,Lachnobacterium,Bacteria,Lachnobacterium,Lachnospiraceae,genus,2.0,https://www.ebi.ac.uk/metagenomics/api/v1/annotations/organisms/Bacteria%253AFirmicutes%253AClostridia%253AClostridiales%253ALachnospiraceae%253ALachnobacterium,,MGYA00005308,8858.0,99.9887120442,7793.0,87.9670391692,7363.0,83.1226010386,7358.0,83.0755334763,3262.0,40.7037684053,12.0,0.223588597,,
135,organisms,Bacteria:Firmicutes:Bacilli:Lactobacillales:Carnobacteriaceae:Granulicatella,1,Bacteria:Firmicutes:Bacilli:Lactobacillales:Carnobacteriaceae:Granulicatella,Bacilli,Firmicutes,Lactobacillales,Bacteria,Carnobacteriaceae,Granulicatella,Bacteria,Granulicatella,Carnobacteriaceae,genus,2.0,https://www.ebi.ac.uk/metagenomics/api/v1/annotations/organisms/Bacteria%253AFirmicutes%253ABacilli%253ALactobacillales%253ACarnobacteriaceae%253AGranulicatella,,MGYA00005308,8858.0,99.9887120442,7793.0,87.9670391692,336.0,3.793181305,106.0,1.1967934967,1.0,0.0124781632,1.0,0.0186323831,,
136,organisms,Bacteria:Firmicutes:Clostridia:Clostridiales:Lachnospiraceae:Ruminococcus:torques,2,Bacteria:Firmicutes:Clostridia:Clostridiales:Lachnospiraceae:Ruminococcus:torques,Clostridia,Firmicutes,Clostridiales,Bacteria,Lachnospiraceae,Ruminococcus,Bacteria,torques,Ruminococcus,species,2.0,https://www.ebi.ac.uk/metagenomics/api/v1/annotations/organisms/Bacteria%253AFirmicutes%253AClostridia%253AClostridiales%253ALachnospiraceae%253ARuminococcus%253Atorques,torques,MGYA00005308,8858.0,99.9887120442,7793.0,87.9670391692,7363.0,83.1226010386,7358.0,83.0755334763,3262.0,40.7037684053,310.0,5.7760387554,2.0,0.1344989913
137,organisms,Bacteria:Bacteroidetes:Bacteroidia:Bacteroidales,15,Bacteria:Bacteroidetes:Bacteroidia:Bacteroidales,Bacteroidia,Bacteroidetes,Bacteroidales,Bacteria,,,Bacteria,Bacteroidales,Bacteroidia,order,2.0,https://www.ebi.ac.uk/metagenomics/api/v1/annotations/organisms/Bacteria%253ABacteroidetes%253ABacteroidia%253ABacteroidales,,MGYA00005308,8858.0,99.9887120442,871.0,9.8318094593,871.0,9.8329193949,871.0,9.8340295811,,,,,,
138,organisms,Bacteria:Bacteroidetes:Bacteroidia:Bacteroidales:Bacteroidaceae:Bacteroides:coprophilus,45,Bacteria:Bacteroidetes:Bacteroidia:Bacteroidales:Bacteroidaceae:Bacteroides:coprophilus,Bacteroidia,Bacteroidetes,Bacteroidales,Bacteria,Bacteroidaceae,Bacteroides,Bacteria,coprophilus,Bacteroides,species,2.0,https://www.ebi.ac.uk/metagenomics/api/v1/annotations/organisms/Bacteria%253ABacteroidetes%253ABacteroidia%253ABacteroidales%253ABacteroidaceae%253ABacteroides%253Acoprophilus,coprophilus,MGYA00005308,8858.0,99.9887120442,871.0,9.8318094593,871.0,9.8329193949,871.0,9.8340295811,291.0,3.6311454954,290.0,5.4033910937,45.0,3.0262273033
139,organisms,Bacteria:Firmicutes:Bacilli:Gemellales,1,Bacteria:Firmicutes:Bacilli:Gemellales,Bacilli,Firmicutes,Gemellales,Bacteria,,,Bacteria,Gemellales,Bacilli,order,2.0,https://www.ebi.ac.uk/metagenomics/api/v1/annotations/organisms/Bacteria%253AFirmicutes%253ABacilli%253AGemellales,,MGYA00005308,8858.0,99.9887120442,7793.0,87.9670391692,336.0,3.793181305,9.0,0.1016145422,,,,,,
140,organisms,Bacteria:Firmicutes:Clostridia:Clostridiales:Veillonellaceae:Pelosinus,1,Bacteria:Firmicutes:Clostridia:Clostridiales:Veillonellaceae:Pelosinus,Clostridia,Firmicutes,Clostridiales,Bacteria,Veillonellaceae,Pelosinus,Bacteria,Pelosinus,Veillonellaceae,genus,2.0,https://www.ebi.ac.uk/metagenomics/api/v1/annotations/organisms/Bacteria%253AFirmicutes%253AClostridia%253AClostridiales%253AVeillonellaceae%253APelosinus,,MGYA00005308,8858.0,99.9887120442,7793.0,87.9670391692,7363.0,83.1226010386,7358.0,83.0755334763,848.0,10.5814824058,1.0,0.0186323831,,
141,organisms,Bacteria:Firmicutes:Clostridia:Clostridiales:Lachnospiraceae:Shuttleworthia:satelles,25,Bacteria:Firmicutes:Clostridia:Clostridiales:Lachnospiraceae:Shuttleworthia:satelles,Clostridia,Firmicutes,Clostridiales,Bacteria,Lachnospiraceae,Shuttleworthia,Bacteria,satelles,Shuttleworthia,species,2.0,https://www.ebi.ac.uk/metagenomics/api/v1/annotations/organisms/Bacteria%253AFirmicutes%253AClostridia%253AClostridiales%253ALachnospiraceae%253AShuttleworthia%253Asatelles,satelles,MGYA00005308,8858.0,99.9887120442,7793.0,87.9670391692,7363.0,83.1226010386,7358.0,83.0755334763,3262.0,40.7037684053,29.0,0.5403391094,25.0,1.6812373907
142,organisms,Bacteria:Firmicutes:Clostridia:Clostridiales:Veillonellaceae:Thermosinus,1,Bacteria:Firmicutes:Clostridia:Clostridiales:Veillonellaceae:Thermosinus,Clostridia,Firmicutes,Clostridiales,Bacteria,Veillonellaceae,Thermosinus,Bacteria,Thermosinus,Veillonellaceae,genus,2.0,https://www.ebi.ac.uk/metagenomics/api/v1/annotations/organisms/Bacteria%253AFirmicutes%253AClostridia%253AClostridiales%253AVeillonellaceae%253AThermosinus,,MGYA00005308,8858.0,99.9887120442,7793.0,87.9670391692,7363.0,83.1226010386,7358.0,83.0755334763,848.0,10.5814824058,1.0,0.0186323831,,
143,organisms,Bacteria:Bacteroidetes:Bacteroidia:Bacteroidales:Bacteroidaceae:5-7N15,1,Bacteria:Bacteroidetes:Bacteroidia:Bacteroidales:Bacteroidaceae:5-7N15,Bacteroidia,Bacteroidetes,Bacteroidales,Bacteria,Bacteroidaceae,5-7N15,Bacteria,5-7N15,Bacteroidaceae,genus,2.0,https://www.ebi.ac.uk/metagenomics/api/v1/annotations/organisms/Bacteria%253ABacteroidetes%253ABacteroidia%253ABacteroidales%253ABacteroidaceae%253A5-7N15,,MGYA00005308,8858.0,99.9887120442,871.0,9.8318094593,871.0,9.8329193949,871.0,9.8340295811,291.0,3.6311454954,1.0,0.0186323831,,
144,organisms,Bacteria:Bacteroidetes:Bacteroidia:Bacteroidales:Porphyromonadaceae:Parabacteroides,12,Bacteria:Bacteroidetes:Bacteroidia:Bacteroidales:Porphyromonadaceae:Parabacteroides,Bacteroidia,Bacteroidetes,Bacteroidales,Bacteria,Porphyromonadaceae,Parabacteroides,Bacteria,Parabacteroides,Porphyromonadaceae,genus,2.0,https://www.ebi.ac.uk/metagenomics/api/v1/annotations/organisms/Bacteria%253ABacteroidetes%253ABacteroidia%253ABacteroidales%253APorphyromonadaceae%253AParabacteroides,,MGYA00005308,8858.0,99.9887120442,871.0,9.8318094593,871.0,9.8329193949,871.0,9.8340295811,19.0,0.2370851011,17.0,0.3167505124,,
145,organisms,Bacteria:Bacteroidetes:Bacteroidia:Bacteroidales:Bacteroidaceae:Bacteroides:ovatus,2,Bacteria:Bacteroidetes:Bacteroidia:Bacteroidales:Bacteroidaceae:Bacteroides:ovatus,Bacteroidia,Bacteroidetes,Bacteroidales,Bacteria,Bacteroidaceae,Bacteroides,Bacteria,ovatus,Bacteroides,species,2.0,https://www.ebi.ac.uk/metagenomics/api/v1/annotations/organisms/Bacteria%253ABacteroidetes%253ABacteroidia%253ABacteroidales%253ABacteroidaceae%253ABacteroides%253Aovatus,ovatus,MGYA00005308,8858.0,99.9887120442,871.0,9.8318094593,871.0,9.8329193949,871.0,9.8340295811,291.0,3.6311454954,290.0,5.4033910937,2.0,0.1344989913
146,organisms,Bacteria:Actinobacteria:Actinobacteria:Bifidobacteriales:Bifidobacteriaceae:Bifidobacterium:longum,6,Bacteria:Actinobacteria:Actinobacteria:Bifidobacteriales:Bifidobacteriaceae:Bifidobacterium:longum,Actinobacteria,Actinobacteria,Bifidobacteriales,Bacteria,Bifidobacteriaceae,Bifidobacterium,Bacteria,longum,Bifidobacterium,species,2.0,https://www.ebi.ac.uk/metagenomics/api/v1/annotations/organisms/Bacteria%253AActinobacteria%253AActinobacteria%253ABifidobacteriales%253ABifidobacteriaceae%253ABifidobacterium%253Alongum,longum,MGYA00005308,8858.0,99.9887120442,128.0,1.4448583362,44.0,0.4967261233,39.0,0.4403296827,39.0,0.4866483654,37.0,0.689398174,6.0,0.4034969738
147,organisms,Bacteria:Firmicutes:Clostridia:Clostridiales:Ruminococcaceae:Faecalibacterium:prausnitzii,600,Bacteria:Firmicutes:Clostridia:Clostridiales:Ruminococcaceae:Faecalibacterium:prausnitzii,Clostridia,Firmicutes,Clostridiales,Bacteria,Ruminococcaceae,Faecalibacterium,Bacteria,prausnitzii,Faecalibacterium,species,2.0,https://www.ebi.ac.uk/metagenomics/api/v1/annotations/organisms/Bacteria%253AFirmicutes%253AClostridia%253AClostridiales%253ARuminococcaceae%253AFaecalibacterium%253Aprausnitzii,prausnitzii,MGYA00005308,8858.0,99.9887120442,7793.0,87.9670391692,7363.0,83.1226010386,7358.0,83.0755334763,2231.0,27.8387821313,600.0,11.1794298491,600.0,40.3496973773
148,organisms,Bacteria:Proteobacteria:Betaproteobacteria:Neisseriales:Neisseriaceae:Eikenella,1,Bacteria:Proteobacteria:Betaproteobacteria:Neisseriales:Neisseriaceae:Eikenella,Betaproteobacteria,Proteobacteria,Neisseriales,Bacteria,Neisseriaceae,Eikenella,Bacteria,Eikenella,Neisseriaceae,genus,2.0,https://www.ebi.ac.uk/metagenomics/api/v1/annotations/organisms/Bacteria%253AProteobacteria%253ABetaproteobacteria%253ANeisseriales%253ANeisseriaceae%253AEikenella,,MGYA00005308,8858.0,99.9887120442,52.0,0.5869736991,21.0,0.2370738316,1.0,0.0112905047,1.0,0.0124781632,1.0,0.0186323831,,
149,organisms,Bacteria:Firmicutes:Clostridia:Clostridiales:Lachnospiraceae:Butyrivibrio,15,Bacteria:Firmicutes:Clostridia:Clostridiales:Lachnospiraceae:Butyrivibrio,Clostridia,Firmicutes,Clostridiales,Bacteria,Lachnospiraceae,Butyrivibrio,Bacteria,Butyrivibrio,Lachnospiraceae,genus,2.0,https://www.ebi.ac.uk/metagenomics/api/v1/annotations/organisms/Bacteria%253AFirmicutes%253AClostridia%253AClostridiales%253ALachnospiraceae%253AButyrivibrio,,MGYA00005308,8858.0,99.9887120442,7793.0,87.9670391692,7363.0,83.1226010386,7358.0,83.0755334763,3262.0,40.7037684053,15.0,0.2794857462,,
150,organisms,Bacteria:Proteobacteria:Gammaproteobacteria:Enterobacteriales:Enterobacteriaceae,6,Bacteria:Proteobacteria:Gammaproteobacteria:Enterobacteriales:Enterobacteriaceae,Gammaproteobacteria,Proteobacteria,Enterobacteriales,Bacteria,Enterobacteriaceae,,Bacteria,Enterobacteriaceae,Enterobacteriales,family,2.0,https://www.ebi.ac.uk/metagenomics/api/v1/annotations/organisms/Bacteria%253AProteobacteria%253AGammaproteobacteria%253AEnterobacteriales%253AEnterobacteriaceae,,MGYA00005308,8858.0,99.9887120442,52.0,0.5869736991,24.0,0.2709415218,10.0,0.1129050469,10.0,0.1247816321,,,,
151,organisms,Bacteria:Firmicutes:Clostridia:Clostridiales:Lachnospiraceae:Coprococcus,380,Bacteria:Firmicutes:Clostridia:Clostridiales:Lachnospiraceae:Coprococcus,Clostridia,Firmicutes,Clostridiales,Bacteria,Lachnospiraceae,Coprococcus,Bacteria,Coprococcus,Lachnospiraceae,genus,2.0,https://www.ebi.ac.uk/metagenomics/api/v1/annotations/organisms/Bacteria%253AFirmicutes%253AClostridia%253AClostridiales%253ALachnospiraceae%253ACoprococcus,,MGYA00005308,8858.0,99.9887120442,7793.0,87.9670391692,7363.0,83.1226010386,7358.0,83.0755334763,3262.0,40.7037684053,420.0,7.8256008944,,
152,organisms,Bacteria:Firmicutes:Clostridia:Clostridiales:Clostridiaceae,43,Bacteria:Firmicutes:Clostridia:Clostridiales:Clostridiaceae,Clostridia,Firmicutes,Clostridiales,Bacteria,Clostridiaceae,,Bacteria,Clostridiaceae,Clostridiales,family,2.0,https://www.ebi.ac.uk/metagenomics/api/v1/annotations/organisms/Bacteria%253AFirmicutes%253AClostridia%253AClostridiales%253AClostridiaceae,,MGYA00005308,8858.0,99.9887120442,7793.0,87.9670391692,7363.0,83.1226010386,7358.0,83.0755334763,165.0,2.0588969304,,,,
153,organisms,Bacteria:Firmicutes:Clostridia:Clostridiales:Veillonellaceae,18,Bacteria:Firmicutes:Clostridia:Clostridiales:Veillonellaceae,Clostridia,Firmicutes,Clostridiales,Bacteria,Veillonellaceae,,Bacteria,Veillonellaceae,Clostridiales,family,2.0,https://www.ebi.ac.uk/metagenomics/api/v1/annotations/organisms/Bacteria%253AFirmicutes%253AClostridia%253AClostridiales%253AVeillonellaceae,,MGYA00005308,8858.0,99.9887120442,7793.0,87.9670391692,7363.0,83.1226010386,7358.0,83.0755334763,848.0,10.5814824058,,,,
154,organisms,Bacteria:Proteobacteria:Alphaproteobacteria:RF32,1,Bacteria:Proteobacteria:Alphaproteobacteria:RF32,Alphaproteobacteria,Proteobacteria,RF32,Bacteria,,,Bacteria,RF32,Alphaproteobacteria,order,2.0,https://www.ebi.ac.uk/metagenomics/api/v1/annotations/organisms/Bacteria%253AProteobacteria%253AAlphaproteobacteria%253ARF32,,MGYA00005308,8858.0,99.9887120442,52.0,0.5869736991,6.0,0.0677353804,1.0,0.0112905047,,,,,,
